member_id,MBR_NAME,party,member_status,comparable_sample,directional_votes_2025,directional_votes_2026,eligible_cross_party_votes_2025,eligible_cross_party_votes_2026,cross_party_votes_2025,cross_party_votes_2026,cross_party_vote_change,cross_party_pct_2025,cross_party_pct_2026,cross_party_pct_change,party_breaks_2025,party_breaks_2026,party_break_change,party_break_pct_2025,party_break_pct_2026,party_break_pct_change,MBR_NAME_2025,MBR_NAME_2026,party_2025,party_2026
H0335,Mike A. Cherry,R,Present both years,True,1576.0,2181.0,1559.0,2167.0,56.0,136.0,80.0,3.5920461834509303,6.275957544993078,2.683911361542148,112.0,184.0,72.0,7.106598984771575,8.436497019715727,1.3298980349441516,Mike A. Cherry,Mike A. Cherry,R,R
H0308,Joseph P. McNamara,R,Present both years,True,1448.0,1745.0,1435.0,1735.0,54.0,109.0,55.0,3.763066202090593,6.28242074927954,2.519354547188947,123.0,166.0,43.0,8.494475138121548,9.512893982808022,1.0184188446864741,Joseph P. McNamara,Joseph P. McNamara,R,R
H0259,"Hyland F. ""Buddy"" Fowler, Jr.",R,Present both years,True,1379.0,1927.0,1370.0,1916.0,52.0,120.0,68.0,3.795620437956204,6.263048016701461,2.467427578745257,87.0,161.0,74.0,6.30891950688905,8.354955889984431,2.046036383095381,"Hyland F. ""Buddy"" Fowler, Jr.","Hyland F. ""Buddy"" Fowler, Jr.",R,R
H0348,Wren M. Williams,R,Present both years,True,1630.0,2143.0,1612.0,2137.0,86.0,153.0,67.0,5.334987593052109,7.159569489939168,1.824581896887059,188.0,238.0,50.0,11.533742331288344,11.105926271581897,-0.42781605970644776,Wren M. Williams,Wren M. Williams,R,R
H0224,James W. Morefield,R,Present both years,True,1528.0,2200.0,1521.0,2172.0,108.0,189.0,81.0,7.100591715976331,8.701657458563536,1.6010657425872052,130.0,211.0,81.0,8.507853403141361,9.59090909090909,1.0830556877677289,James W. Morefield,James W. Morefield,R,R
H0266,Sam Rasoul,D,Present both years,True,1581.0,2142.0,1561.0,2125.0,8.0,40.0,32.0,0.5124919923126201,1.8823529411764703,1.3698609488638502,23.0,66.0,43.0,1.454775458570525,3.081232492997199,1.626457034426674,Sam Rasoul,Sam Rasoul,D,D
H0242,Israel D. O'Quinn,R,Present both years,True,1430.0,2201.0,1414.0,2188.0,27.0,70.0,43.0,1.9094766619519092,3.19926873857404,1.289792076622131,49.0,98.0,49.0,3.4265734265734267,4.4525215810995,1.0259481545260734,Israel D. O'Quinn,Israel D. O'Quinn,R,R
H0284,"Marcia S. ""Cia"" Price",D,Present both years,True,1591.0,2484.0,1586.0,2462.0,5.0,38.0,33.0,0.3152585119798234,1.543460601137287,1.2282020891574634,47.0,105.0,58.0,2.95411690760528,4.2270531400966185,1.2729362324913387,"Marcia S. ""Cia"" Price","Marcia S. ""Cia"" Price",D,D
H0350,Ellen H. McLaughlin,R,Present both years,True,1550.0,2231.0,1544.0,2212.0,77.0,136.0,59.0,4.987046632124352,6.148282097649186,1.1612354655248334,94.0,149.0,55.0,6.064516129032258,6.678619453160017,0.6141033241277594,Ellen H. Campbell,Ellen H. McLaughlin,R,R
H0347,"H. Otto Wachsmann, Jr.",R,Present both years,True,1408.0,1941.0,1405.0,1934.0,66.0,111.0,45.0,4.697508896797153,5.739400206825232,1.0418913100280793,100.0,140.0,40.0,7.102272727272728,7.212776919113859,0.11050419184113025,"H. Otto Wachsmann, Jr.","H. Otto Wachsmann, Jr.",R,R
H0382,Joshua E. Thomas,D,Present both years,True,1634.0,2158.0,1625.0,2152.0,9.0,29.0,20.0,0.5538461538461538,1.3475836431226766,0.7937374892765229,16.0,32.0,16.0,0.9791921664626682,1.4828544949026876,0.5036623284400195,Joshua E. Thomas,Joshua E. Thomas,D,D
H0267,"Robert S. Bloxom, Jr.",R,Present both years,True,1630.0,2351.0,1617.0,2337.0,163.0,253.0,90.0,10.08039579468151,10.825845100556268,0.7454493058747591,177.0,274.0,97.0,10.858895705521473,11.654615057422374,0.7957193519009014,"Robert S. Bloxom, Jr.","Robert S. Bloxom, Jr.",R,R
H0377,Delores Oates,R,Present both years,True,1265.0,1743.0,1261.0,1739.0,6.0,21.0,15.0,0.4758128469468675,1.207590569292697,0.7317777223458295,84.0,90.0,6.0,6.640316205533598,5.163511187607573,-1.4768050179260248,Delores Oates,Delores Oates,R,R
H0262,"James A. ""Jay"" Leftwich",R,Present both years,True,1574.0,1933.0,1566.0,1924.0,42.0,65.0,23.0,2.681992337164751,3.3783783783783785,0.6963860412136276,123.0,136.0,13.0,7.814485387547649,7.035695809622348,-0.7787895779253011,"James A. ""Jay"" Leftwich","James A. ""Jay"" Leftwich",R,R
H0385,JJ Singh,D,Present both years,True,1371.0,2022.0,1368.0,2009.0,2.0,16.0,14.0,0.1461988304093567,0.7964161274265804,0.6502172970172237,11.0,32.0,21.0,0.802334062727936,1.582591493570722,0.780257430842786,JJ Singh,JJ Singh,D,D
H0334,Elizabeth B. Bennett-Parker,D,Present both years,True,1446.0,813.0,1437.0,806.0,5.0,8.0,3.0,0.3479471120389701,0.9925558312655088,0.6446087192265387,22.0,9.0,-13.0,1.5214384508990315,1.107011070110701,-0.4144273807883305,Elizabeth B. Bennett-Parker,Elizabeth B. Bennett-Parker,D,D
H0349,Jackie H. Glass,D,Present both years,True,1368.0,1965.0,1363.0,1960.0,6.0,20.0,14.0,0.4402054292002935,1.020408163265306,0.5802027340650124,17.0,36.0,19.0,1.2426900584795322,1.8320610687022905,0.5893710102227583,Jackie H. Glass,Jackie H. Glass,D,D
H0314,Joshua G. Cole,D,Present both years,True,1486.0,2175.0,1475.0,2143.0,6.0,21.0,15.0,0.4067796610169492,0.979934671021932,0.5731550100049828,22.0,31.0,9.0,1.4804845222072678,1.4252873563218391,-0.05519716588542867,Joshua G. Cole,Joshua G. Cole,D,D
H0343,Briana D. Sewell,D,Present both years,True,1698.0,2391.0,1683.0,2370.0,7.0,22.0,15.0,0.41592394533571,0.9282700421940928,0.5123460968583828,18.0,40.0,22.0,1.060070671378092,1.6729401923881222,0.6128695210100301,Briana D. Sewell,Briana D. Sewell,D,D
H0321,Chris S. Runion,R,Present both years,True,1420.0,1916.0,1405.0,1900.0,20.0,36.0,16.0,1.4234875444839856,1.8947368421052635,0.4712492976212779,79.0,114.0,35.0,5.563380281690141,5.949895615866389,0.3865153341762477,Chris S. Runion,Chris S. Runion,R,R
H0340,Michelle Lopes Maldonado,D,Present both years,True,1568.0,2262.0,1554.0,2241.0,1.0,12.0,11.0,0.0643500643500643,0.535475234270415,0.4711251699203507,10.0,19.0,9.0,0.6377551020408163,0.8399646330680812,0.2022095310272649,Michelle Lopes Maldonado,Michelle Lopes Maldonado,D,D
H0354,Katrina Callsen,D,Present both years,True,1606.0,2219.0,1597.0,2191.0,2.0,13.0,11.0,0.1252348152786474,0.5933363760839799,0.4681015608053325,16.0,19.0,3.0,0.99626400996264,0.8562415502478594,-0.14002245971478056,Katrina Callsen,Katrina Callsen,D,D
H0231,Tony O. Wilt,R,Present both years,True,1462.0,2131.0,1440.0,2116.0,46.0,77.0,31.0,3.194444444444444,3.638941398865784,0.44449695442133974,82.0,131.0,49.0,5.60875512995896,6.147348662599718,0.5385935326407578,Tony O. Wilt,Tony O. Wilt,R,R
H0356,Rae Cousins,D,Present both years,True,1728.0,2611.0,1708.0,2592.0,2.0,13.0,11.0,0.117096018735363,0.5015432098765432,0.3844471911411802,17.0,18.0,1.0,0.9837962962962964,0.689391037916507,-0.29440525837978937,Rae Cousins,Rae Cousins,D,D
H0375,Adele Y. McClure,D,Present both years,True,1432.0,2094.0,1421.0,2080.0,3.0,12.0,9.0,0.211118930330753,0.576923076923077,0.36580414659232396,15.0,22.0,7.0,1.047486033519553,1.0506208213944603,0.0031347878749072855,Adele Y. McClure,Adele Y. McClure,D,D
H0372,Destiny LeVere Bolling,D,Present both years,True,1489.0,2251.0,1465.0,2232.0,0.0,8.0,8.0,0.0,0.3584229390681003,0.3584229390681003,6.0,16.0,10.0,0.4029550033579583,0.7107952021323856,0.30784019877442725,Destiny LeVere Bolling,Destiny LeVere Bolling,D,D
H0351,Holly M. Seibold,D,Present both years,True,1420.0,1930.0,1410.0,1909.0,2.0,9.0,7.0,0.1418439716312056,0.4714510214772132,0.3296070498460076,12.0,21.0,9.0,0.8450704225352111,1.0880829015544042,0.2430124790191931,Holly M. Seibold,Holly M. Seibold,D,D
H0336,Nadarius E. Clark,D,Present both years,True,1422.0,1720.0,1403.0,1706.0,2.0,8.0,6.0,0.142551674982181,0.4689331770222743,0.3263815020400933,17.0,24.0,7.0,1.1954992967651197,1.3953488372093024,0.19984954044418268,Nadarius E. Clark,Nadarius E. Clark,D,D
H0281,Paul E. Krizek,D,Present both years,True,1690.0,2360.0,1676.0,2345.0,1.0,9.0,8.0,0.0596658711217183,0.3837953091684435,0.3241294380467252,7.0,18.0,11.0,0.4142011834319526,0.7627118644067797,0.3485106809748271,Paul E. Krizek,Paul E. Krizek,D,D
H0370,Karen Keys-Gamarra,D,Present both years,True,1444.0,1997.0,1438.0,1975.0,2.0,9.0,7.0,0.1390820584144645,0.4556962025316456,0.31661414411718114,22.0,25.0,3.0,1.5235457063711912,1.2518778167250877,-0.27166788964610356,Karen Keys-Gamarra,Karen Keys-Gamarra,D,D
H0366,Phil M. Hernandez,D,Present both years,True,1565.0,2315.0,1553.0,2292.0,2.0,10.0,8.0,0.128783000643915,0.4363001745200698,0.3075171738761548,9.0,18.0,9.0,0.5750798722044729,0.7775377969762419,0.20245792477176905,Phil M. Hernandez,Phil M. Hernandez,D,D
H0325,Wendell S. Walker,R,Present both years,True,1380.0,1882.0,1374.0,1868.0,30.0,46.0,16.0,2.1834061135371177,2.462526766595289,0.27912065305817135,58.0,60.0,2.0,4.202898550724638,3.1880977683315623,-1.0148007823930754,Wendell S. Walker,Wendell S. Walker,R,R
H0355,Laura Jane Cohen,D,Present both years,True,1456.0,2162.0,1442.0,2129.0,5.0,13.0,8.0,0.3467406380027739,0.6106153123532174,0.26387467435044354,18.0,26.0,8.0,1.2362637362637363,1.2025901942645698,-0.0336735419991665,Laura Jane Cohen,Laura Jane Cohen,D,D
H0374,Marty Martinez,D,Present both years,True,1221.0,1792.0,1218.0,1784.0,1.0,6.0,5.0,0.0821018062397372,0.336322869955157,0.25422106371541975,13.0,14.0,1.0,1.0647010647010646,0.78125,-0.2834510647010646,Marty Martinez,Marty Martinez,D,D
H0380,Atoosa R. Reaser,D,Present both years,True,1714.0,2148.0,1694.0,2130.0,3.0,8.0,5.0,0.1770956316410862,0.3755868544600939,0.1984912228190077,11.0,16.0,5.0,0.6417736289381564,0.74487895716946,0.10310532823130358,Atoosa R. Reaser,Atoosa R. Reaser,D,D
H0362,"Thomas A. Garrett, Jr.",R,Present both years,True,1223.0,1649.0,1210.0,1642.0,15.0,23.0,8.0,1.2396694214876034,1.4007308160779537,0.1610613945903503,157.0,252.0,95.0,12.837285363859364,15.281989084293512,2.4447037204341484,"Thomas A. Garrett, Jr.","Thomas A. Garrett, Jr.",R,R
H0253,Terry L. Austin,R,Present both years,True,1639.0,2348.0,1635.0,2331.0,88.0,129.0,41.0,5.382262996941896,5.534105534105534,0.15184253716363827,119.0,158.0,39.0,7.26052471018914,6.729131175468483,-0.5313935347206566,Terry L. Austin,Terry L. Austin,R,R
H0383,Eric R. Zehr,R,Present both years,True,1329.0,1875.0,1316.0,1869.0,10.0,17.0,7.0,0.7598784194528876,0.909577314071696,0.14969889461880836,172.0,260.0,88.0,12.942061700526711,13.866666666666664,0.9246049661399525,Eric R. Zehr,Eric R. Zehr,R,R
H0247,Michael J. Webert,R,Present both years,True,1474.0,2059.0,1452.0,2048.0,44.0,65.0,21.0,3.0303030303030303,3.173828125,0.14352509469696972,154.0,182.0,28.0,10.44776119402985,8.839242350655658,-1.608518843374192,Michael J. Webert,Michael J. Webert,R,R
H0317,Dan I. Helmer,D,Present both years,True,1499.0,2281.0,1485.0,2259.0,2.0,6.0,4.0,0.1346801346801346,0.2656042496679947,0.13092411498786008,20.0,18.0,-2.0,1.33422281521014,0.789127575624726,-0.5450952395854141,Dan I. Helmer,Dan I. Helmer,D,D
H0238,M. Keith Hodges,R,Present both years,True,1666.0,2294.0,1660.0,2277.0,62.0,88.0,26.0,3.734939759036145,3.864734299516908,0.12979454048076322,90.0,118.0,28.0,5.402160864345738,5.143853530950305,-0.2583073333954333,M. Keith Hodges,M. Keith Hodges,R,R
H0136,"Thomas C. Wright, Jr.",R,Present both years,True,1095.0,1532.0,1091.0,1529.0,3.0,6.0,3.0,0.2749770852428964,0.3924133420536298,0.11743625681073344,132.0,208.0,76.0,12.054794520547944,13.57702349869452,1.5222289781465772,"Thomas C. Wright, Jr.","Thomas C. Wright, Jr.",R,R
H0365,"Rozia A. Henson, Jr.",D,Present both years,True,1424.0,1938.0,1421.0,1916.0,3.0,6.0,3.0,0.211118930330753,0.313152400835073,0.10203347050432002,25.0,29.0,4.0,1.75561797752809,1.4963880288957687,-0.2592299486323213,"Rozia A. Henson, Jr.","Rozia A. Henson, Jr.",D,D
H0329,Bill Wiley,R,Present both years,True,1530.0,2335.0,1522.0,2322.0,47.0,74.0,27.0,3.088042049934297,3.1869078380706286,0.09886578813633173,71.0,101.0,30.0,4.640522875816994,4.325481798715203,-0.31504107710179063,Bill Wiley,Bill Wiley,R,R
H0305,Kathy K.L. Tran,D,Present both years,True,1537.0,2470.0,1530.0,2452.0,6.0,12.0,6.0,0.392156862745098,0.4893964110929852,0.09723954834788723,38.0,38.0,0.0,2.47234873129473,1.5384615384615383,-0.9338871928331915,Kathy K.L. Tran,Kathy K.L. Tran,D,D
H0344,Irene Shin,D,Present both years,True,1699.0,2386.0,1678.0,2357.0,8.0,13.0,5.0,0.4767580452920142,0.5515485787017396,0.07479053340972536,24.0,34.0,10.0,1.412595644496763,1.4249790444258172,0.01238339992905435,Irene Shin,Irene Shin,D,D
H0384,Eric Phillips,R,Present both years,True,1198.0,1813.0,1195.0,1808.0,60.0,92.0,32.0,5.02092050209205,5.08849557522124,0.06757507312919042,77.0,119.0,42.0,6.42737896494157,6.563706563706563,0.13632759876499279,Eric Phillips,Eric Phillips,R,R
H0269,"Richard C. ""Rip"" Sullivan, Jr.",D,Present both years,True,1695.0,2475.0,1672.0,2448.0,3.0,6.0,3.0,0.1794258373205741,0.2450980392156862,0.06567220189511211,6.0,21.0,15.0,0.3539823008849557,0.8484848484848486,0.4945025475998929,"Richard C. ""Rip"" Sullivan, Jr.","Richard C. ""Rip"" Sullivan, Jr.",D,D
H0353,Bonita G. Anthony,D,Present both years,True,1343.0,2282.0,1337.0,2257.0,2.0,4.0,2.0,0.1495886312640239,0.1772264067346034,0.027637775470579495,12.0,9.0,-3.0,0.8935219657483247,0.3943908851884312,-0.49913108055989347,Bonita G. Anthony,Bonita G. Anthony,D,D
H0311,Alex Q. Askew,D,Present both years,True,1698.0,2322.0,1679.0,2310.0,1.0,2.0,1.0,0.0595592614651578,0.0865800865800865,0.02702082511492869,12.0,8.0,-4.0,0.7067137809187279,0.3445305770887166,-0.36218320383001135,Alex Q. Askew,Alex Q. Askew,D,D
H0212,Betsy B. Carr,D,Present both years,True,1699.0,2397.0,1690.0,2380.0,7.0,10.0,3.0,0.4142011834319526,0.4201680672268907,0.005966883794938094,12.0,16.0,4.0,0.7062978222483813,0.6675010429703796,-0.038796779278001736,Betsy B. Carr,Betsy B. Carr,D,D
H0208,Charniele L. Herring,D,Present both years,True,1654.0,2371.0,1631.0,2354.0,5.0,7.0,2.0,0.3065603923973022,0.2973661852166525,-0.009194207180649727,11.0,20.0,9.0,0.6650544135429262,0.8435259384226065,0.17847152487968032,Charniele L. Herring,Charniele L. Herring,D,D
H0301,David A. Reid,D,Present both years,True,1435.0,2171.0,1432.0,2163.0,3.0,4.0,1.0,0.2094972067039106,0.184928340268146,-0.024568866435764586,8.0,7.0,-1.0,0.5574912891986062,0.322432058959005,-0.23505923023960124,David A. Reid,David A. Reid,D,D
H0364,Timothy P. Griffin,R,Present both years,True,1200.0,1627.0,1198.0,1622.0,8.0,10.0,2.0,0.667779632721202,0.6165228113440198,-0.05125682137718224,196.0,297.0,101.0,16.333333333333332,18.25445605408728,1.9211227207539494,Timothy P. Griffin,Timothy P. Griffin,R,R
H0371,Amy J. Laufer,D,Present both years,True,1445.0,2203.0,1422.0,2193.0,4.0,5.0,1.0,0.2812939521800281,0.2279981760145918,-0.05329577616543632,13.0,12.0,-1.0,0.8996539792387545,0.5447117566954154,-0.35494222254333907,Amy J. Laufer,Amy J. Laufer,D,D
H0173,Jeion A. Ward,D,Present both years,True,1408.0,2017.0,1396.0,2005.0,3.0,3.0,0.0,0.2148997134670487,0.1496259351620947,-0.06527377830495401,11.0,9.0,-2.0,0.78125,0.4462072384729796,-0.3350427615270204,Jeion A. Ward,Jeion A. Ward,D,D
H0327,Rodney T. Willett,D,Present both years,True,1608.0,2243.0,1601.0,2231.0,4.0,3.0,-1.0,0.2498438475952529,0.1344688480502017,-0.1153749995450512,6.0,6.0,0.0,0.3731343283582089,0.2674988854213107,-0.10563544293689825,Rodney T. Willett,Rodney T. Willett,D,D
H0227,Luke E. Torian,D,Present both years,True,1502.0,2042.0,1497.0,2029.0,7.0,7.0,0.0,0.4676018704074816,0.3449975357318876,-0.122604334675594,10.0,18.0,8.0,0.6657789613848202,0.881488736532811,0.21570977514799083,Luke E. Torian,Luke E. Torian,D,D
H0239,Alfonso H. Lopez,D,Present both years,True,1488.0,2103.0,1468.0,2088.0,5.0,4.0,-1.0,0.3405994550408719,0.1915708812260536,-0.14902857381481832,11.0,9.0,-2.0,0.739247311827957,0.4279600570613409,-0.3112872547666161,Alfonso H. Lopez,Alfonso H. Lopez,D,D
H0360,Michael B. Feggans,D,Present both years,True,1427.0,2240.0,1416.0,2219.0,5.0,4.0,-1.0,0.3531073446327684,0.1802613789995493,-0.17284596563321908,12.0,6.0,-6.0,0.8409250175192713,0.2678571428571428,-0.5730678746621285,Michael B. Feggans,Michael B. Feggans,D,D
H0323,Shelly A. Simonds,D,Present both years,True,1596.0,2384.0,1574.0,2368.0,7.0,6.0,-1.0,0.4447268106734434,0.2533783783783784,-0.19134843229506499,10.0,7.0,-3.0,0.6265664160401002,0.2936241610738255,-0.3329422549662747,Shelly A. Simonds,Shelly A. Simonds,D,D
H0219,Patrick A. Hope,D,Present both years,True,1569.0,2171.0,1563.0,2162.0,6.0,4.0,-2.0,0.3838771593090211,0.185013876040703,-0.19886328326831812,11.0,11.0,0.0,0.7010834926704907,0.5066789497927222,-0.19440454287776854,Patrick A. Hope,Patrick A. Hope,D,D
H0207,Delores L. McQuinn,D,Present both years,True,1359.0,2195.0,1349.0,2186.0,4.0,2.0,-2.0,0.2965159377316531,0.091491308325709,-0.20502462940594407,5.0,3.0,-2.0,0.3679175864606328,0.1366742596810934,-0.23124332677953938,Delores L. McQuinn,Delores L. McQuinn,D,D
H0295,Kelly K. Convirs-Fowler,D,Present both years,True,1447.0,1882.0,1427.0,1865.0,7.0,5.0,-2.0,0.4905395935529082,0.2680965147453083,-0.2224430788075999,14.0,10.0,-4.0,0.9675190048375952,0.5313496280552604,-0.4361693767823348,Kelly K. Convirs-Fowler,Kelly K. Convirs-Fowler,D,D
H0328,Scott A. Wyatt,R,Present both years,True,1476.0,2186.0,1472.0,2175.0,34.0,45.0,11.0,2.309782608695652,2.0689655172413794,-0.24081709145427244,70.0,95.0,25.0,4.742547425474255,4.34583714547118,-0.3967102800030746,Scott A. Wyatt,Scott A. Wyatt,R,R
H0108,Vivian E. Watts,D,Present both years,True,1604.0,2134.0,1597.0,2120.0,7.0,4.0,-3.0,0.4383218534752661,0.1886792452830188,-0.2496426081922473,12.0,15.0,3.0,0.7481296758104738,0.7029053420805998,-0.045224333729874,Vivian E. Watts,Vivian E. Watts,D,D
H0285,"C.E. Cliff Hayes, Jr.",D,Present both years,True,1472.0,2373.0,1469.0,2359.0,4.0,0.0,-4.0,0.2722940776038121,0.0,-0.2722940776038121,5.0,4.0,-1.0,0.3396739130434782,0.1685630004214075,-0.1711109126220707,"C.E. Cliff Hayes, Jr.","C.E. Cliff Hayes, Jr.",D,D
H0294,Karrie K. Delaney,D,Present both years,True,1619.0,2194.0,1608.0,2179.0,8.0,4.0,-4.0,0.4975124378109453,0.1835704451583295,-0.3139419926526158,10.0,9.0,-1.0,0.6176652254478072,0.4102096627164995,-0.20745556273130772,Karrie K. Delaney,Karrie K. Delaney,D,D
H0342,Phillip A. Scott,R,Present both years,True,1466.0,1992.0,1452.0,1978.0,8.0,3.0,-5.0,0.5509641873278237,0.1516683518705763,-0.3992958354572474,197.0,334.0,137.0,13.437926330150068,16.76706827309237,3.329141942942302,Phillip A. Scott,Phillip A. Scott,R,R
H0264,Marcus B. Simon,D,Present both years,True,1701.0,2273.0,1690.0,2259.0,12.0,7.0,-5.0,0.7100591715976331,0.3098716246126605,-0.4001875469849726,46.0,35.0,-11.0,2.704291593180482,1.5398152221733392,-1.1644763710071429,Marcus B. Simon,Marcus B. Simon,D,D
H0361,Debra D. Gardner,D,Present both years,True,1487.0,2014.0,1481.0,1988.0,7.0,1.0,-6.0,0.4726536124240378,0.0503018108651911,-0.4223518015588467,12.0,2.0,-10.0,0.8069939475453934,0.0993048659384309,-0.7076890816069625,Debra D. Gardner,Debra D. Gardner,D,D
H0322,Don Scott,D,Present both years,True,1176.0,1667.0,1174.0,1664.0,5.0,0.0,-5.0,0.4258943781942078,0.0,-0.4258943781942078,7.0,1.0,-6.0,0.5952380952380952,0.05998800239952,-0.5352500928385753,Don Scott,Don Scott,D,D
H0345,Anne Ferrell Tata,R,Present both years,True,1609.0,1996.0,1594.0,1985.0,96.0,111.0,15.0,6.022584692597239,5.591939546599496,-0.43064514599774295,101.0,142.0,41.0,6.277190801740211,7.114228456913827,0.8370376551736163,Anne Ferrell Tata,Anne Ferrell Tata,R,R
H0357,Will Davis,R,Present both years,True,1368.0,1964.0,1362.0,1956.0,34.0,38.0,4.0,2.4963289280469896,1.9427402862985683,-0.5535886417484213,49.0,65.0,16.0,3.5818713450292394,3.309572301425661,-0.2722990436035784,Will Davis,Will Davis,R,R
H0124,R. Lee Ware,R,Present both years,True,1265.0,1833.0,1255.0,1828.0,43.0,52.0,9.0,3.4262948207171315,2.844638949671773,-0.5816558710453585,98.0,96.0,-2.0,7.747035573122529,5.237315875613748,-2.509719697508781,R. Lee Ware,R. Lee Ware,R,R
H0369,Hillary Pugh Kent,R,Present both years,True,1206.0,1969.0,1200.0,1964.0,40.0,54.0,14.0,3.333333333333333,2.74949083503055,-0.5838424983027832,61.0,122.0,61.0,5.05804311774461,6.196038598273235,1.137995480528625,Hillary Pugh Kent,Hillary Pugh Kent,R,R
H0333,Jason S. Ballard,R,Present both years,True,1577.0,2334.0,1565.0,2315.0,45.0,41.0,-4.0,2.8753993610223643,1.7710583153347732,-1.104341045687591,63.0,75.0,12.0,3.994927076727965,3.2133676092544987,-0.7815594674734663,Jason S. Ballard,Jason S. Ballard,R,R
H0056,Terry G. Kilgore,R,Present both years,True,1538.0,2382.0,1524.0,2367.0,104.0,121.0,17.0,6.824146981627297,5.111956062526405,-1.712190919100892,134.0,157.0,23.0,8.712613784135241,6.591099916036944,-2.1215138680982975,Terry G. Kilgore,Terry G. Kilgore,R,R
H0177,David L. Bulova,D,Present both years,False,1579.0,13.0,1569.0,13.0,5.0,0.0,-5.0,0.3186743148502231,0.0,-0.3186743148502231,14.0,0.0,-14.0,0.8866371120962635,0.0,-0.8866371120962635,David L. Bulova,David L. Bulova,D,D
H0172,Mark D. Sickles,D,Present both years,False,1649.0,9.0,1644.0,9.0,6.0,0.0,-6.0,0.364963503649635,0.0,-0.364963503649635,14.0,0.0,-14.0,0.8489993935718617,0.0,-0.8489993935718617,Mark D. Sickles,Mark D. Sickles,D,D
H0330,Candi Mundon King,D,Present both years,False,1517.0,9.0,1493.0,9.0,15.0,0.0,-15.0,1.0046885465505693,0.0,-1.0046885465505693,38.0,0.0,-38.0,2.5049439683586026,0.0,-2.5049439683586026,Candi Mundon King,Candi Mundon King,D,D
H0206,Barry D. Knight,R,Present both years,False,434.0,0.0,431.0,0.0,11.0,0.0,-11.0,2.5522041763341066,0.0,-2.5522041763341066,23.0,0.0,-23.0,5.299539170506913,0.0,-5.299539170506913,Barry D. Knight,Barry D. Knight,R,R
H0315,Carrie E. Coyner,R,2025 only,False,1648.0,,1630.0,,211.0,,,12.94478527607362,,,223.0,,,13.531553398058252,,,Carrie E. Coyner,,R,
H0359,N. Baxter Ennis,R,2025 only,False,1471.0,,1456.0,,182.0,,,12.5,,,200.0,,,13.596193065941536,,,N. Baxter Ennis,,R,
H0337,A.C. Cordoza,R,2025 only,False,1474.0,,1469.0,,140.0,,,9.530292716133424,,,152.0,,,10.312075983717776,,,A.C. Cordoza,,R,
H0373,Ian T. Lovejoy,R,2025 only,False,1217.0,,1214.0,,117.0,,,9.637561779242176,,,118.0,,,9.69597370583402,,,Ian T. Lovejoy,,R,
H0346,Kim A. Taylor,R,2025 only,False,1260.0,,1256.0,,117.0,,,9.31528662420382,,,133.0,,,10.555555555555555,,,Kim A. Taylor,,R,
H0363,W. Chad Green,R,2025 only,False,1455.0,,1438.0,,108.0,,,7.510431154381085,,,131.0,,,9.003436426116838,,,W. Chad Green,,R,
H0378,Chris Obenshain,R,2025 only,False,1354.0,,1349.0,,98.0,,,7.264640474425501,,,123.0,,,9.084194977843426,,,Chris Obenshain,,R,
H0073,"Robert D. Orrock, Sr.",R,2025 only,False,1390.0,,1383.0,,85.0,,,6.146059291395517,,,93.0,,,6.6906474820143895,,,"Robert D. Orrock, Sr.",,R,
H0379,David Owen,R,2025 only,False,1360.0,,1356.0,,82.0,,,6.047197640117994,,,90.0,,,6.61764705882353,,,David Owen,,R,
H0358,"Mark L. Earley, Jr.",R,2025 only,False,1293.0,,1289.0,,81.0,,,6.283941039565555,,,103.0,,,7.965970610982212,,,"Mark L. Earley, Jr.",,R,
H0367,Geary Higgins,R,2025 only,False,1390.0,,1386.0,,74.0,,,5.339105339105339,,,102.0,,,7.338129496402877,,,Geary Higgins,,R,
H0376,Paul V. Milde,R,2025 only,False,1182.0,,1180.0,,44.0,,,3.728813559322034,,,108.0,,,9.137055837563452,,,Paul V. Milde,,R,
H0313,Amanda E. Batten,R,2025 only,False,1632.0,,1613.0,,37.0,,,2.2938623682579045,,,132.0,,,8.088235294117647,,,Amanda E. Batten,,R,
H0352,"Jonathan ""Jed"" Arnold",R,2025 only,False,1441.0,,1436.0,,21.0,,,1.4623955431754874,,,79.0,,,5.482303955586398,,,"Jonathan ""Jed"" Arnold",,R,
H0150,"Daniel W. Marshall, III",R,2025 only,False,430.0,,419.0,,18.0,,,4.295942720763723,,,40.0,,,9.30232558139535,,,"Daniel W. Marshall, III",,R,
H0279,Nicholas J. Freitas,R,2025 only,False,1271.0,,1257.0,,13.0,,,1.0342084327764518,,,196.0,,,15.420928402832416,,,Nicholas J. Freitas,,R,
H0181,C. Todd Gilbert,R,2025 only,False,1382.0,,1367.0,,3.0,,,0.2194586686174103,,,164.0,,,11.86685962373372,,,C. Todd Gilbert,,R,
H0368,Michael J. Jones,D,2025 only,False,1231.0,,1215.0,,2.0,,,0.1646090534979424,,,6.0,,,0.487408610885459,,,Michael J. Jones,,D,
H0381,Kannan Srinivasan,D,2025 only,False,3.0,,3.0,,0.0,,,0.0,,,0.0,,,0.0,,,Kannan Srinivasan,,D,
H0401,Madison Whittle,R,2026 only,False,,2023.0,,2015.0,,83.0,,,4.11910669975186,,,158.0,,,7.810182896688087,,,Madison Whittle,,R
H0395,John Chilton McAuliff,D,2026 only,False,,1633.0,,1630.0,,60.0,,,3.6809815950920246,,,68.0,,,4.164115125535823,,,John Chilton McAuliff,,D
H0398,Justin Pence,R,2026 only,False,,1806.0,,1801.0,,30.0,,,1.6657412548584118,,,101.0,,,5.592469545957918,,,Justin Pence,,R
H0390,Mitchell Cornett,R,2026 only,False,,1923.0,,1912.0,,26.0,,,1.3598326359832638,,,95.0,,,4.940197607904316,,,Mitchell Cornett,,R
H0386,Jessica L. Anderson,D,2026 only,False,,2130.0,,2115.0,,19.0,,,0.8983451536643027,,,21.0,,,0.9859154929577464,,,Jessica L. Anderson,,D
H0393,Lily V. Franklin,D,2026 only,False,,1949.0,,1942.0,,16.0,,,0.8238928939237898,,,18.0,,,0.9235505387378145,,,Lily V. Franklin,,D
H0405,Garrett McGuire,D,2026 only,False,,1982.0,,1966.0,,16.0,,,0.8138351983723295,,,23.0,,,1.160443995963673,,,Garrett McGuire,,D
H0394,Karen Hamilton,R,2026 only,False,,1724.0,,1717.0,,13.0,,,0.7571345369831101,,,263.0,,,15.255220417633412,,,Karen Hamilton,,R
H0402,Charlie Schmidt,D,2026 only,False,,1882.0,,1876.0,,13.0,,,0.6929637526652452,,,16.0,,,0.8501594048884166,,,Charlie Schmidt,,D
H0399,Kimberly Pope Adams,D,2026 only,False,,1914.0,,1903.0,,12.0,,,0.6305832895428272,,,15.0,,,0.7836990595611284,,,Kimberly Pope Adams,,D
H0403,Gretchen M. Bulova,D,2026 only,False,,2037.0,,2024.0,,10.0,,,0.4940711462450593,,,17.0,,,0.8345606283750614,,,Gretchen M. Bulova,,D
H0388,Stacey Annie Carroll,D,2026 only,False,,1829.0,,1810.0,,9.0,,,0.4972375690607734,,,11.0,,,0.6014215418261345,,,Stacey Annie Carroll,,D
H0387,"Karen R. ""Kacey"" Carnegie",D,2026 only,False,,1998.0,,1987.0,,9.0,,,0.4529441368897836,,,14.0,,,0.7007007007007007,,,"Karen R. ""Kacey"" Carnegie",,D
H0407,Andrew Rice,R,2026 only,False,,127.0,,127.0,,7.0,,,5.511811023622047,,,9.0,,,7.086614173228346,,,Andrew Rice,,R
H0404,Margaret A. Franklin,D,2026 only,False,,1713.0,,1696.0,,7.0,,,0.4127358490566037,,,10.0,,,0.5837711617046117,,,Margaret A. Franklin,,D
H0400,Virgil Thornton,D,2026 only,False,,2077.0,,2062.0,,6.0,,,0.2909796314258002,,,7.0,,,0.3370245546461242,,,Virgil Thornton,,D
H0406,Kirk McPike,D,2026 only,False,,998.0,,995.0,,5.0,,,0.5025125628140703,,,7.0,,,0.7014028056112225,,,Kirk McPike,,D
H0392,Mark C. Downey,D,2026 only,False,,1991.0,,1978.0,,5.0,,,0.2527805864509606,,,7.0,,,0.3515821195379206,,,Mark C. Downey,,D
H0297,Elizabeth R. Guzman,D,2026 only,False,,2124.0,,2110.0,,5.0,,,0.2369668246445497,,,17.0,,,0.800376647834275,,,Elizabeth R. Guzman,,D
H0391,Lindsey Dougherty,D,2026 only,False,,1929.0,,1914.0,,4.0,,,0.2089864158829676,,,9.0,,,0.4665629860031104,,,Lindsey Dougherty,,D
H0397,May Nivar,D,2026 only,False,,2025.0,,2006.0,,4.0,,,0.1994017946161515,,,6.0,,,0.2962962962962963,,,May Nivar,,D
H0389,Nicole Cole,D,2026 only,False,,2049.0,,2019.0,,4.0,,,0.1981178801386825,,,10.0,,,0.4880429477794046,,,Nicole Cole,,D
H0396,Leslie Chambers Mehta,D,2026 only,False,,2055.0,,2048.0,,4.0,,,0.1953125,,,4.0,,,0.194647201946472,,,Leslie Chambers Mehta,,D
