Bill_id,Bill_description,topic_name,classification,qa_review,qa_notes
SB21,DJJ; transfer of responsibility to Secretary of Health and Human Resources.,"Public Safety and Homeland Security, Secretary of",Official LIS subject,,
HB4,"Affordable housing; preservation, definitions, civil penalty.",Affordable Housing,Official LIS subject,,
HB2,"Electric utilities; energy efficiency upgrades, report.",Uncodified Legislation,Official LIS subject,,
SB24,Discovery materials or evidence; accused may request to copy or photograph any materials.,Criminal Procedure,Official LIS subject,,
SB14,Alcoholic beverage control; commercial lifestyle center licenses.,Arts and Humanities,Official LIS subject,,
SB16,Through-year growth assessment system; alternatives during 2024-2028 school years permitted.,Education,Official LIS subject,,
SB2,"Paid family & med. leave insurance program; definitions, notice requirements, civil action, report.","Study Commissions, Committees, and Reports",Official LIS subject,,
SB7,"Income tax, state; standard deduction and earned income tax credit.",Taxation,Official LIS subject,,
SB31,"Railroad safety; minimum train crew used in movement of freight, civil penalties.",Public Service Companies,Official LIS subject,,
HB5,"Employment; paid sick leave, civil penalties.",Labor and Employment,Official LIS subject,,
SB21,DJJ; transfer of responsibility to Secretary of Health and Human Resources.,Uncodified Legislation,Official LIS subject,,
SB22,"Medicine and Nursing, Boards of; continuing education, bias reduction training.","Commissions, Boards, and Institutions Generally",Official LIS subject,,
HB1,"Minimum wage; increases incrementally to $15.00 per hour by January 1, 2028.",Labor and Employment,Official LIS subject,,
SB22,"Medicine and Nursing, Boards of; continuing education, bias reduction training.",Continuing Education,Official LIS subject,,
HJ2,Constitutional amendment; qualifications of voters and the right to vote; persons not entitled to vote.,Constitutional Amendments,Official LIS subject,,
SB17,Enforcement of vehicle liens; increases property value.,Motor Vehicles,Official LIS subject,,
SB11,Expanded polystyrene food service containers; repeal of prohibition.,"Food and Beverage Products, and Containers",Official LIS subject,,
SB18,"Children; adjudication of delinquency, orders of disposition.",Children,Official LIS subject,,
SJ5,Commending Pamelia Henriksen.,Commendations and Commemorations,Official LIS subject,,
SB6,"Constitutional amendment; qualifications of voters, right to vote, persons not entitled to vote.",Elections,Official LIS subject,,
HB5,"Employment; paid sick leave, civil penalties.",Local Government and Officials,Official LIS subject,,
SB4,School breakfasts; availability at no cost to students.,Students,Official LIS subject,,
SB14,Alcoholic beverage control; commercial lifestyle center licenses.,Alcoholic Beverage and Cannabis Control,Official LIS subject,,
HJ4,"Constitutional amendment; apportionment, congress dists, limited authority of the GA to modify.",Reapportionment,Official LIS subject,,
HJ3,Constitutional amendment (second reference); marriage between two adult persons; repeal of same-sex marriage prohibition; affirmative right to marry.,Marriage,Official LIS subject,,
SB2,"Paid family & med. leave insurance program; definitions, notice requirements, civil action, report.",Unemployment Compensation,Official LIS subject,,
SB8,Real property tax; exemption surviving spouses of members of armed forces who died in line of duty.,Taxation,Official LIS subject,,
SB21,DJJ; transfer of responsibility to Secretary of Health and Human Resources.,Juvenile Justice,Official LIS subject,,
HB6,"Contraception; definitions, establishes right to obtain, applicability, enforcement.",Contraceptives,Official LIS subject,,
SB7,"Income tax, state; standard deduction and earned income tax credit.",Income Tax,Official LIS subject,,
SB25,Offshore wind industry; workforce development.,Wind Energy,Official LIS subject,,
SB26,"Land development; definitions, solar canopies in surface parking areas, delayed effective date.","Counties, Cities, and Towns",Official LIS subject,,
HB4,"Affordable housing; preservation, definitions, civil penalty.",Housing,Official LIS subject,,
SB3,"Employee Child Care Assistance Program; established, reports.",Child Care,Official LIS subject,,
SB11,Expanded polystyrene food service containers; repeal of prohibition.,Conservation,Official LIS subject,,
SB16,Through-year growth assessment system; alternatives during 2024-2028 school years permitted.,Uncodified Legislation,Official LIS subject,,
SB1,"Minimum wage; increases incrementally to $15.00 per hour by January 1, 2028.",Wages,Official LIS subject,,
SB5,"Income-Qualified Energy Efficiency and Weatherization Task Force; established, report.",Uncodified Legislation,Official LIS subject,,
HB3,"Income-Qualified Energy Efficiency and Weatherization Task Force; established, report.",Administration of Government,Official LIS subject,,
SB10,Employment prohibition exceptions; apprenticeship program for children 16 years of age or older.,Labor and Employment,Official LIS subject,,
SB13,"License plates; only rear plate required, exception.",Motor Vehicles,Official LIS subject,,
SB5,"Income-Qualified Energy Efficiency and Weatherization Task Force; established, report.","Study Commissions, Committees, and Reports",Official LIS subject,,
SB4,School breakfasts; availability at no cost to students.,Education,Official LIS subject,,
HJ1,Constitutional amendment (second reference); fundamental right to reproductive freedom.,Constitutional Amendments,Official LIS subject,,
SJ3,Constitutional amendment (second reference); marriage between two adult persons; repeal of same-sex marriage prohibition; affirmative right to marry.,Constitutional Amendments,Official LIS subject,,
SB3,"Employee Child Care Assistance Program; established, reports.",Uncodified Legislation,Official LIS subject,,
SB15,Motorcycle Driver Improvement Clinic Fund; created.,Motorcycles,Official LIS subject,,
HB3,"Income-Qualified Energy Efficiency and Weatherization Task Force; established, report.","Study Commissions, Committees, and Reports",Official LIS subject,,
SB6,"Constitutional amendment; qualifications of voters, right to vote, persons not entitled to vote.",Voters and Voting,Official LIS subject,,
SB15,Motorcycle Driver Improvement Clinic Fund; created.,Motor Vehicles,Official LIS subject,,
HB1091,Right to farm; solar panels.,Agriculture and Food,Derived from LIS bill description,,
HB859,Farm to School Program Task Force; membership requirements.,Agriculture and Food,Derived from LIS bill description,,
HB761,Fertilizer and lime; amends provisions governing permit requirements.,Agriculture and Food,Derived from LIS bill description,,
HR18,Commending the Brentsville Future Farmers of America.,Agriculture and Food,Derived from LIS bill description,,
HB292,Agricultural and forestal districts advisory committee; membership.,Agriculture and Food,Derived from LIS bill description,,
HB699,Food establishment inspection exemptions; private homes and farms.,Agriculture and Food,Derived from LIS bill description,,
SJ268,Commending the River Basin Grand Winners of the Clean Water Farm Award.,Agriculture and Food,Derived from LIS bill description,,
HR49,Commending the Virginia Farm Bureau Federation.,Agriculture and Food,Derived from LIS bill description,,
SR102,Commending the Virginia Farm Bureau Federation.,Agriculture and Food,Derived from LIS bill description,,
HB321,"Agricultural Workforce Mental Health and Suicide Prevention Program; established, report.",Agriculture and Food,Derived from LIS bill description,,
HB795,Health insurance; requirements for certain opioid antagonists.,Behavioral Health,Derived from LIS bill description,,
HB652,Parental prenatal & postnatal substance use; work group to evaluate Commonwealth's response to use.,Behavioral Health,Derived from LIS bill description,,
HB248,Interjurisdictional law-enforcement agreements; development of behavioral health co-response teams.,Behavioral Health,Derived from LIS bill description,,
SB308,Drug overdose and drug overdose deaths; VDH to develop plan for opioid overdose response.,Behavioral Health,Derived from LIS bill description,,
SB690,DCJS; removes requirement to develop model addiction recovery program.,Behavioral Health,Derived from LIS bill description,,
SB173,Weapons; possession prohibited in hospital that provides mental health or developmental services.,Behavioral Health,Derived from LIS bill description,,
HB325,"Fire Programs, Department of; development of mental health awareness training.",Behavioral Health,Derived from LIS bill description,,
SB257,Health insurance; requirements for certain opioid antagonists.,Behavioral Health,Derived from LIS bill description,,
SB140,"Fire Programs, Department of; development of mental health awareness training.",Behavioral Health,Derived from LIS bill description,,
HB794,Drug overdose and drug overdose deaths; VDH to develop plan for opioid overdose response.,Behavioral Health,Derived from LIS bill description,,
HB30,Budget Bill.,Budget and Appropriations,Derived from LIS bill description,,
SB30,Budget Bill.,Budget and Appropriations,Derived from LIS bill description,,
HB29,Budget Bill.,Budget and Appropriations,Derived from LIS bill description,,
SB733,Local government; appropriation of local school funds to families for compulsory student attendance.,Budget and Appropriations,Derived from LIS bill description,,
HB242,Public utilities; budget plan payment increases.,Budget and Appropriations,Derived from LIS bill description,,
SB29,Budget Bill.,Budget and Appropriations,Derived from LIS bill description,,
HB1204,Local government; appropriation of local school funds to families for compulsory student attendance.,Budget and Appropriations,Derived from LIS bill description,,
SB705,"Regulatory Budget Program; established, report.",Budget and Appropriations,Derived from LIS bill description,,
SB324,Virginia Public Procurement Act; additional public works contract requirements.,Business and Commerce,Derived from LIS bill description,,
SB493,"Consumer protection; automatic renewal or continuous service offers, disclosure and cancellation.",Business and Commerce,Derived from LIS bill description,,
HB61,"Small SWaM Business Procurement Enhancement Program; established, report.",Business and Commerce,Derived from LIS bill description,,
HR193,Commending the Mount Vernon Springfield Chamber of Commerce New Business of the Year honorees.,Business and Commerce,Derived from LIS bill description,,
HB345,Real property tax; partial exemption for certain commercial and industrial structures.,Business and Commerce,Derived from LIS bill description,,
HB1502,"Standby generators; DEQ shall conduct a study of generators used by by commercial facilities, etc.",Business and Commerce,Derived from LIS bill description,,
HB789,"Va. State Anatomical Program; program finances and donor procurement, distribution, and disposition.",Business and Commerce,Derived from LIS bill description,,
HB645,"Marine Resources Commission; marking of commercial fishing boats, nets, and other devices.",Business and Commerce,Derived from LIS bill description,,
HB1044,"Virginia Public Procurement Act; cooperative procurement, re-roofing.",Business and Commerce,Derived from LIS bill description,,
SB670,"Fully autonomous vehicles; commercial use, civil penalty.",Business and Commerce,Derived from LIS bill description,,
SB810,"Deferred or installment payment agreements; outstanding court-assessed fines, fees, taxes, or costs.",Courts and Civil Law,Derived from LIS bill description,,
HB1295,"Law enforcement; artificial intelligence inventory, civil action.",Courts and Civil Law,Derived from LIS bill description,,
SB237,"App Store Accountability Act; civil penalties, civil action.",Courts and Civil Law,Derived from LIS bill description,,
SB537,Certain civil actions against employees; liability of employer to vulnerable victims.,Courts and Civil Law,Derived from LIS bill description,,
HB1361,"Virginia Residential Landlord & Tenant Act; civil action for unlawful detainer, termination notice.",Courts and Civil Law,Derived from LIS bill description,,
SB753,"Unauthorized use of voice or likeness; punitive damages, statute of limitations.",Courts and Civil Law,Derived from LIS bill description,,
HB1485,"Court of Appeals of Virginia; maximum number of judges, summary disposition of certain civil cases.",Courts and Civil Law,Derived from LIS bill description,,
HB1207,"Paid family & med. leave insurance program; definitions, notice requirements, civil action, report.",Courts and Civil Law,Derived from LIS bill description,,
HB669,"Impersonation of certain licensed professionals by chatbot; definitions, notice, civil liability.",Courts and Civil Law,Derived from LIS bill description,,
HB1368,"Consumer Data Protection Act; individual action for damages or penalty, social media platforms.",Courts and Civil Law,Derived from LIS bill description,,
HB1027,"Children; use of communication systems to facilitate certain offenses, exception.",Criminal Justice,Derived from LIS bill description,,
HB318,"Virginia Parole Board; powers and duties, juvenile offenders, parole procedures and considerations.",Criminal Justice,Derived from LIS bill description,,
HB1392,"Correctional facilities, local and regional, and courthouse security; powers & duties for operation.",Criminal Justice,Derived from LIS bill description,,
SB812,"Victims of crime; reimbursement for expenses, report.",Criminal Justice,Derived from LIS bill description,,
HB26,"Marijuana-related offenses; modification of sentence, sunset.",Criminal Justice,Derived from LIS bill description,,
HB459,Hate crimes; crime victim's right to nondisclosure of certain information.,Criminal Justice,Derived from LIS bill description,,
HB1015,"Firearms, etc.; carrying concealed weapon by persons convicted of misdemeanor hate crime prohibited.",Criminal Justice,Derived from LIS bill description,,
SB78,"Firearms-related offenses; increases mandatory minimum sentence, penalty.",Criminal Justice,Derived from LIS bill description,,
HB172,"Criminal cases; request for a jury to ascertain range of punishment, etc.",Criminal Justice,Derived from LIS bill description,,
HB1070,Prior conviction; procedure for use as element of offense charged.,Criminal Justice,Derived from LIS bill description,,
SJ267,Commending the Independence High School golf team.,Education,Derived from LIS bill description,,
HR173,Commending Princess Anne High School All-Virginia Band and All-Virginia Orchestra honorees.,Education,Derived from LIS bill description,,
HB1035,"Public schools; school security and discipline, employment of school security officers, training.",Education,Derived from LIS bill description,,
HB1017,"School boards; excusing students from attendance at school, verified medical reasons.",Education,Derived from LIS bill description,,
SJ208,Commending the Varina High School football team.,Education,Derived from LIS bill description,,
HB171,"Student instruction; Internet safety, policy to include key modern digital safety topics.",Education,Derived from LIS bill description,,
HB468,"Students with disabilities; development of transition IEP, access by students, report.",Education,Derived from LIS bill description,,
SJ288,Commending the Loudoun County High School girls' soccer team.,Education,Derived from LIS bill description,,
SJ295,"Commending Matt Neale, J.D., 2026 Virginia Teacher of the Year.",Education,Derived from LIS bill description,,
HB1162,State correctional facilities; required education or vocational training.,Education,Derived from LIS bill description,,
SB526,"Elections; affirmation statement in lieu of identification, additional information required.",Elections and Voting,Derived from LIS bill description,,
HB23,"Elections; primary dates, presidential year primaries.",Elections and Voting,Derived from LIS bill description,,
HB774,"Elections; absentee and provisional ballots, cure process, delayed effective date.",Elections and Voting,Derived from LIS bill description,,
HB630,"Elections; ranked choice voting, locally elected offices, report.",Elections and Voting,Derived from LIS bill description,,
HB187,"Virginia Beach, City of; amending charter, transition to a city council, voting districts.",Elections and Voting,Derived from LIS bill description,,
SB179,"Williamsburg, City of; amending charter, change of municipal elections.",Elections and Voting,Derived from LIS bill description,,
HB113,"Elections; soliciting or accepting bribe to influence or procure voter registration, penalty.",Elections and Voting,Derived from LIS bill description,,
HB319,"Back-end, opt-out automatic voter registration; work group to study implementation.",Elections and Voting,Derived from LIS bill description,,
HB51,Elections; time of certain local elections.,Elections and Voting,Derived from LIS bill description,,
SB202,Elections; filling vacancies in county and city governing bodies.,Elections and Voting,Derived from LIS bill description,,
SB175,"Renewable energy portfolio standard program; requirements, power purchase agreements.",Energy and Utilities,Derived from LIS bill description,,
SB249,"Electric utilities; definitions, integrated resource plans, report.",Energy and Utilities,Derived from LIS bill description,,
SB562,"Electric utilities; RPS requirements, Air Pollution Control Board regulations.",Energy and Utilities,Derived from LIS bill description,,
HB906,"Energy load flexibility protocols; SCC et al., to evaluate high electric demand customers, report.",Energy and Utilities,Derived from LIS bill description,,
HB1467,"Electric utilities; virtual power plant pilot program, Phase I Utilities.",Energy and Utilities,Derived from LIS bill description,,
HB615,"Electric utilities; renewable portfolio standard program, deficiency payments.",Energy and Utilities,Derived from LIS bill description,,
SB72,"Electric utilities; energy efficiency upgrades, report.",Energy and Utilities,Derived from LIS bill description,,
HB895,"Electric utilities; energy storage requirements, Department of Energy to develop model ordinance.",Energy and Utilities,Derived from LIS bill description,,
SB69,"Electric utilities; construction and development of renewable energy facilities, etc.",Energy and Utilities,Derived from LIS bill description,,
SB588,Solar facilities; Department of Energy to develop criteria to determine appropriateness of sites.,Energy and Utilities,Derived from LIS bill description,,
HJ264,Commending the Virginia Department of Conservation and Recreation.,Environment and Conservation,Derived from LIS bill description,,
SB562,"Electric utilities; RPS requirements, Air Pollution Control Board regulations.",Environment and Conservation,Derived from LIS bill description,,
HJ247,Commending the Thomas Jefferson Soil and Water Conservation District.,Environment and Conservation,Derived from LIS bill description,,
SB719,"Virginia Farm and Forest Prosperity Plan; OSAF to develop and implement comprehensive Plan, report.",Environment and Conservation,Derived from LIS bill description,,
HB1266,Environmental Justice in Permitting Process Guidance Memo; DEQ to publish an updated version.,Environment and Conservation,Derived from LIS bill description,,
SB425,Comprehensive plan; environmental justice strategy.,Environment and Conservation,Derived from LIS bill description,,
HB597,"Wildlife Corridor Grant Fund; created, voluntary contributions, report.",Environment and Conservation,Derived from LIS bill description,,
HB914,Local Environmental Impact Fund; created.,Environment and Conservation,Derived from LIS bill description,,
HB377,"Uniform Statewide Building Code; amendments, energy efficiency and conservation.",Environment and Conservation,Derived from LIS bill description,,
HB1345,Public schools; industry-recognized uniform inspection and evaluation of indoor air quality.,Environment and Conservation,Derived from LIS bill description,,
HB148,"Children; seizure, etc., of property used in connection with exploitation and solicitation.",Family and Children,Derived from LIS bill description,,
SB348,"Firearms; storage in residence where minor or person prohibited from possessing is present, penalty.",Family and Children,Derived from LIS bill description,,
HB274,"Children; seizure, etc., of property used in connection with exploitation and solicitation.",Family and Children,Derived from LIS bill description,,
HB18,"Employee Child Care Assistance Program; established, reports.",Family and Children,Derived from LIS bill description,,
HB983,Immunization requirements for children; removes hepatitis B vaccine.,Family and Children,Derived from LIS bill description,,
SB305,"Kinship foster care; barrier crime waiver, report.",Family and Children,Derived from LIS bill description,,
HB721,Parents of public school children; fundamental right to opt children out of certain ed. content.,Family and Children,Derived from LIS bill description,,
HB280,Comprehensive children's health care coverage program; DMAS Services to establish.,Family and Children,Derived from LIS bill description,,
SB640,"Child abuse or neglect; centralized hotline for reports or complaints, etc.",Family and Children,Derived from LIS bill description,,
SB463,"Child custody cases; Jud. Council of Va., et al., to evaluate representation by guardians ad litem.",Family and Children,Derived from LIS bill description,,
HB19,"Firearms; purchase, etc., after assault & battery of family or household member or intimate partner.",Firearms,Derived from LIS bill description,,
HB101,Concealed handguns; alternate methods of submission of applications for permits.,Firearms,Derived from LIS bill description,,
HB1300,"State Police,  Department of; purchase of handguns or other weapons of certain officers.",Firearms,Derived from LIS bill description,,
HB540,Carrying firearms in restricted locations; exception.,Firearms,Derived from LIS bill description,,
HB1524,"Assault firearms; carrying in public areas prohibited, exceptions, penalty.",Firearms,Derived from LIS bill description,,
SB763,"Retail Sales and Use Tax; definitions, imposes firearm and ammunition tax.",Firearms,Derived from LIS bill description,,
HB926,"Outdoor shooting of firearm on property without reasonable care; prohibition, penalty.",Firearms,Derived from LIS bill description,,
HB1303,Nonresident concealed handgun permits; VSP to issue within 90 days of receipt of application.,Firearms,Derived from LIS bill description,,
SB272,"Firearm or explosive material; exemptions, carrying in public institutions of higher education.",Firearms,Derived from LIS bill description,,
HB229,Weapons; possession prohibited in hospital that provides mental health or developmental services.,Firearms,Derived from LIS bill description,,
HB1245,Virginia Health Care Fund; additional funding and uses.,Health and Healthcare,Derived from LIS bill description,,
HB886,"Health care; decision-making, definitions, medical aid in dying, penalties.",Health and Healthcare,Derived from LIS bill description,,
HB523,"Military medical personnel; definition, expands program, report.",Health and Healthcare,Derived from LIS bill description,,
HB746,Physician assistants; authorization to practice without a practice agreement.,Health and Healthcare,Derived from LIS bill description,,
SB580,"Individuals receiving services in a hospital, training center, etc.; right to send and receive mail.",Health and Healthcare,Derived from LIS bill description,,
HB1271,Health insurance; pharmacy benefits managers; requirements and prohibited conduct.,Health and Healthcare,Derived from LIS bill description,,
HB1452,"Medicaid; expedited review process for service authorization requests, report.",Health and Healthcare,Derived from LIS bill description,,
SB413,"Health insurance; cost-sharing, pharmacy benefits managers, compensation and duties, civil penalty.",Health and Healthcare,Derived from LIS bill description,,
HJ310,"Commending the Western Virginia Emergency Medical Services Council, Inc.",Health and Healthcare,Derived from LIS bill description,,
HB627,"Covenants not to compete; includes health care professionals, civil penalty.",Health and Healthcare,Derived from LIS bill description,,
HB265,"Students, certain; grants at public institutions of higher education, qualifications.",Higher Education,Derived from LIS bill description,,
HJ27,Higher education; JLARC to study options to improve affordability for students.,Higher Education,Derived from LIS bill description,,
HB1226,"Motor Vehicles, Department of;  release of data to certain institutions of higher education, fee.",Higher Education,Derived from LIS bill description,,
HB423,"Roanoke Higher Education Authority; board of trustees, reduces membership.",Higher Education,Derived from LIS bill description,,
SB231,"Community Colleges and Virginia Community College System, State Board for; funding model, report.",Higher Education,Derived from LIS bill description,,
HB955,Certain student enrollment data; State Council of Higher Education for Virginia to annually report.,Higher Education,Derived from LIS bill description,,
SB773,"Community Colleges, State Board for; acquisition and improvement of certain property.",Higher Education,Derived from LIS bill description,,
HB1378,"Community Colleges, State Board for; acquisition and improvement of certain property.",Higher Education,Derived from LIS bill description,,
HB502,Baccalaureate public institutions of higher education; fixed in-state tuition rates.,Higher Education,Derived from LIS bill description,,
HB626,"Firearm or explosive material; exemptions, carrying in public institutions of higher education.",Higher Education,Derived from LIS bill description,,
HB14,Virginia Residential Landlord and Tenant Act; enforcement by localities.,Housing,Derived from LIS bill description,,
HB196,"Mixed-income housing; creating a two-year pilot program that provides loan origination, etc.",Housing,Derived from LIS bill description,,
HB1259,Virginia Residential Landlord and Tenant Act; mold remediation.,Housing,Derived from LIS bill description,,
HB527,"Eviction Reduction Program; established, report.",Housing,Derived from LIS bill description,,
SB290,Virginia Residential Landlord and Tenant Act; enforcement by localities.,Housing,Derived from LIS bill description,,
SB392,Site cleanup guidelines; residential property and other buildings used for illicit drugs.,Housing,Derived from LIS bill description,,
SB577,Virginia Residential Property Disclosure Act; required disclosures for buyer beware.,Housing,Derived from LIS bill description,,
HB910,Comprehensive statewide housing needs assessment; review of certain parcels.,Housing,Derived from LIS bill description,,
SB313,"Virginia Residential Landlord and Tenant Act; rental payment methods, prohibited fees.",Housing,Derived from LIS bill description,,
HB519,Virginia Residential Landlord and Tenant Act; definition of essential services.,Housing,Derived from LIS bill description,,
HB64,Health insurance; coverage for speech therapy as a treatment for stuttering.,Insurance,Derived from LIS bill description,,
HB280,Comprehensive children's health care coverage program; DMAS Services to establish.,Insurance,Derived from LIS bill description,,
HB1526,"Health insurance; prior authorization, required contract provisions.",Insurance,Derived from LIS bill description,,
HB625,Health insurance; limit on cost-sharing payments for prescription drugs under certain plans.,Insurance,Derived from LIS bill description,,
SB413,"Health insurance; cost-sharing, pharmacy benefits managers, compensation and duties, civil penalty.",Insurance,Derived from LIS bill description,,
SB630,Health insurance; tobacco surcharge.,Insurance,Derived from LIS bill description,,
SB166,"Insurance; contingent deferred annuities, nonforfeiture benefits.",Insurance,Derived from LIS bill description,,
HB1281,"Motor vehicle insurance; highway use fee, and tangible personal property tax relief.",Insurance,Derived from LIS bill description,,
SB476,Health insurance; prior authorization requests reviewed by physician.,Insurance,Derived from LIS bill description,,
HB618,Health insurance; reporting requirements.,Insurance,Derived from LIS bill description,,
HB406,"Workers' compensation; disability of law-enforcement officer, spousal wage replacement, report.",Labor and Employment,Derived from LIS bill description,,
HB878,Migrant labor camp permits; removes expiration date.,Labor and Employment,Derived from LIS bill description,,
HB698,Virginia Workforce Development and Career Connection and Training Foundation and Fund; established.,Labor and Employment,Derived from LIS bill description,,
HB1420,Nuclear energy industry; training resources to advance workforce development.,Labor and Employment,Derived from LIS bill description,,
HB1092,"Protection of employees; standards for heat illness prevention, report.",Labor and Employment,Derived from LIS bill description,,
SB170,"Protection of employees; covenants not to compete, discharged employees.",Labor and Employment,Derived from LIS bill description,,
HB1130,"Workforce housing for employees; county bd. of supervisor or school bd., lease of surplus property.",Labor and Employment,Derived from LIS bill description,,
SB824,School board employee grievance procedure; timing of dispute resolution.,Labor and Employment,Derived from LIS bill description,,
SB213,"Division superintendents; employment and contractual matters, annual salary, limitation.",Labor and Employment,Derived from LIS bill description,,
HB116,School board employee grievance procedure; timing of dispute resolution.,Labor and Employment,Derived from LIS bill description,,
HB14,Virginia Residential Landlord and Tenant Act; enforcement by localities.,Local Government,Derived from LIS bill description,,
HB198,"Local government; review of decision by board of zoning appeals, procedures for filing petition.",Local Government,Derived from LIS bill description,,
HJ56,"599 funding; effects of revising distribution to distressed localities with high crime rates, etc.",Local Government,Derived from LIS bill description,,
HB549,"Trees; conservation and replacement during development process in certain localities, report.",Local Government,Derived from LIS bill description,,
SB306,"Traffic light signals and traffic control device monitoring systems; locality to report to VSP member of traffic violations, etc.,report.",Local Government,Derived from LIS bill description,,
SB711,"Zoning appeals, board of; writ of certiorari, discovery.",Local Government,Derived from LIS bill description,,
SB67,Parking enforcement; high tourism localities.,Local Government,Derived from LIS bill description,,
HB1083,Review of plats and plans by locality; designated agent.,Local Government,Derived from LIS bill description,,
SB354,Minimum parking requirements; prohibition on mandates by localities.,Local Government,Derived from LIS bill description,,
HB536,Impact fees; locality authorized to impose on residential development.,Local Government,Derived from LIS bill description,,
HB73,Juvenile and domestic relations district courts; petitions for relief of care and custody.,Marriage and Domestic Relations,Derived from LIS bill description,,
SB311,"Constitutional amdmnt. marriage between two adult persons, repeal of same-sex marriage prohibition.",Marriage and Domestic Relations,Derived from LIS bill description,,
SB35,"Juvenile & domestic relations district courts; delinquent juv., mental health/disability evaluation.",Marriage and Domestic Relations,Derived from LIS bill description,,
HB303,"Divorce; adultery, filing, parties living separate and apart, report.",Marriage and Domestic Relations,Derived from LIS bill description,,
HB1406,"Foreign divorce decrees; exercise of power by courts of the Commonwealth, non-domiciled party.",Marriage and Domestic Relations,Derived from LIS bill description,,
HB716,"Income tax, state; innocent spouse tax relief.",Marriage and Domestic Relations,Derived from LIS bill description,,
HJ315,"Election of Circuit Court Judges, General District Court Judges, and Juvenile and Domestic Relations District Court Judges.",Marriage and Domestic Relations,Derived from LIS bill description,,
HB612,"Constitutional amendment; marriage between two adult persons, repeal of same-sex marriage prohibition.",Marriage and Domestic Relations,Derived from LIS bill description,,
SR15,Judges; nominations for election to juvenile and domestic relations district court.,Marriage and Domestic Relations,Derived from LIS bill description,,
SB206,Juvenile and domestic relations district courts; petitions for relief of care and custody.,Marriage and Domestic Relations,Derived from LIS bill description,,
SB352,"Law-enforcement officers; restrictions on wearing of facial coverings, exceptions, penalty.",Public Safety,Derived from LIS bill description,,
HB1285,"St Emergency Med. Services Advisory Bd.; membership, regional emergency medical services councils.",Public Safety,Derived from LIS bill description,,
SB81,"Law-enforcement officers, state and local; enforcement of federal traffic infractions.",Public Safety,Derived from LIS bill description,,
HJ310,"Commending the Western Virginia Emergency Medical Services Council, Inc.",Public Safety,Derived from LIS bill description,,
HB1321,"Primaries; abstract of votes, law-enforcement officer to obtain returns not forwarded.",Public Safety,Derived from LIS bill description,,
SB481,Emergency services and disaster preparedness programs; inclusion of federally recognized tribes.,Public Safety,Derived from LIS bill description,,
HB1492,"Impersonating a law-enforcement officer; clarifies definition of ""facial covering,"" penalties.",Public Safety,Derived from LIS bill description,,
HB1219,"Unmanned aircraft systems; use by law-enforcement officers, search warrants.",Public Safety,Derived from LIS bill description,,
HB498,Motor carrier violations; authority of law-enforcement officers.,Public Safety,Derived from LIS bill description,,
HB1333,Paid firefighters; hours of work.,Public Safety,Derived from LIS bill description,,
HB1297,"Adult protective services; creates adult abuse, neglect, and exploitation central registry.",Social Services,Derived from LIS bill description,,
SB97,Hunger-Free Campus Grant Program; establishment of student meal plan credit donation program.,Social Services,Derived from LIS bill description,,
HB18,"Employee Child Care Assistance Program; established, reports.",Social Services,Derived from LIS bill description,,
SB243,"Adult protective services; creates adult abuse, neglect, and exploitation central registry.",Social Services,Derived from LIS bill description,,
HB866,"Food insecurity/hunger; Department of Social Services, et al., to develop statewide survey, report.",Social Services,Derived from LIS bill description,,
HB1286,"Assault and battery; employees of state or local department of social services, penalty.",Social Services,Derived from LIS bill description,,
HB651,"Social Services, Department of; family assessments, face-to-face interviews with victim children.",Social Services,Derived from LIS bill description,,
HB371,"End Hunger, Virginia Commission to; changes membership.",Social Services,Derived from LIS bill description,,
SB564,Unlicensed care homes; homes to register with Department of Social Services.,Social Services,Derived from LIS bill description,,
HB727,"Social services, local boards of; appointments, terms of office.",Social Services,Derived from LIS bill description,,
HB54,State Government Internship Coordinator; DHRM to establish and employ.,State Government,Derived from LIS bill description,,
SB286,State Government Internship Coordinator; DHRM to establish and employ.,State Government,Derived from LIS bill description,,
SB131,"Health, State Board of; permanent pump and haul of sewage, agritourism",State Government,Derived from LIS bill description,,
HB81,State agencies; amdnt. of regulations pertaining to maximum temp. at which certain rooms may be kept.,State Government,Derived from LIS bill description,,
HB1206,"State employees & public elementary & secondary school teachers; required annual trainings, report.",State Government,Derived from LIS bill description,,
HB554,State officers and employees; state agencies to establish alternative work schedules.,State Government,Derived from LIS bill description,,
HB1378,"Community Colleges, State Board for; acquisition and improvement of certain property.",State Government,Derived from LIS bill description,,
HB482,"Local and Regional Jails, State Board of; supervision by Office of Dept. of Corrections Ombudsman.",State Government,Derived from LIS bill description,,
SB291,"Health, State Board of, regulations; standards for levels of neonatal care.",State Government,Derived from LIS bill description,,
SB231,"Community Colleges and Virginia Community College System, State Board for; funding model, report.",State Government,Derived from LIS bill description,,
HB474,"Real estate with delinquent taxes or liens; apptmt. of special commissioner, increases value.",Taxes and Revenue,Derived from LIS bill description,,
HB961,"Retail Sales and Use Tax; commercial and industrial exemptions, data centers.",Taxes and Revenue,Derived from LIS bill description,,
HB946,"Income tax, state; affordable rental housing tax credit.",Taxes and Revenue,Derived from LIS bill description,,
HB1474,Retail Sales and Use Tax; exceptions for aircraft dealers.,Taxes and Revenue,Derived from LIS bill description,,
HB1101,Local composite index school funding formula; data center revenue.,Taxes and Revenue,Derived from LIS bill description,,
SB268,"Income tax, state; creates child tax credit.",Taxes and Revenue,Derived from LIS bill description,,
HB1132,Data center tax revenue; creates local residential renewable energy incentive program.,Taxes and Revenue,Derived from LIS bill description,,
SJ38,Craft beer industry; Department of Taxation to prepare a report on local taxation.,Taxes and Revenue,Derived from LIS bill description,,
SB829,"Real property tax bills; disclosure, resource protection area.",Taxes and Revenue,Derived from LIS bill description,,
HB72,Real property tax; classification of land and improvements in City of Fredericksburg.,Taxes and Revenue,Derived from LIS bill description,,
SB673,"Stalking; using electronically transmitted communication, penalty.",Technology and Data,Derived from LIS bill description,,
HB1186,Artificial intelligence; use of systems for student instruction.,Technology and Data,Derived from LIS bill description,,
SB365,"Fostering Access, Innovation, and Responsibility in Artificial Intelligence Act; established.",Technology and Data,Derived from LIS bill description,,
HB1295,"Law enforcement; artificial intelligence inventory, civil action.",Technology and Data,Derived from LIS bill description,,
HB758,"Artificial Intelligence Chatbots and Minors Act; established, prohibited practices, penalties.",Technology and Data,Derived from LIS bill description,,
HB797,Artificial intelligence; framework for person/entity acting as an independent verification org.,Technology and Data,Derived from LIS bill description,,
SB730,Sales & use tax on taxable services & digital personal property; taxes levied in certain districts.,Technology and Data,Derived from LIS bill description,,
SB384,Artificial intelligence; framework for person/entity acting as an independent verification org.,Technology and Data,Derived from LIS bill description,,
HB927,"Human trafficking; creates process for use of digital identification and reporting platforms, etc.",Technology and Data,Derived from LIS bill description,,
HB161,"Virginia Lottery; internet gaming authorized, definitions, penalties, effective clause.",Technology and Data,Derived from LIS bill description,,
SB146,"Delinquent children; loss of driving privileges for alcohol, firearm, and drug offenses, truancy.",Transportation,Derived from LIS bill description,,
HB192,General district courts; jurisdictional limits relating to motor vehicle accidents.,Transportation,Derived from LIS bill description,,
HB88,Highway rights-of-way; invasive species.,Transportation,Derived from LIS bill description,,
SB376,Motor vehicle collisions; preservation and collection of certain mobile telephone data.,Transportation,Derived from LIS bill description,,
HB1480,Unpaved secondary highway funds; increases maximum annual allocation.,Transportation,Derived from LIS bill description,,
HJ26,Light rail operations; Dept. of Rail & Public Transportation to study feasibility.,Transportation,Derived from LIS bill description,,
HB587,All-terrain vehicles (ATVs); operation on highways in certain localities.,Transportation,Derived from LIS bill description,,
HB1129,"Local motor vehicle license & registration; failure to pay certain taxes, fees, & parking citations.",Transportation,Derived from LIS bill description,,
SB593,"Health insurance; balance billing protection, emergency medical services vehicle transportation.",Transportation,Derived from LIS bill description,,
HB200,"Transit Entities, certain; funding and administration.",Transportation,Derived from LIS bill description,,
HJ283,Commending Sergeant Dianne M. Dowdy.,Unclassified,Unclassified,,
HB1096,Substantial Risk Order Reporting System; established.,Unclassified,Unclassified,,
SR91,Celebrating the life of Kevin B. Lyles.,Unclassified,Unclassified,,
SB82,Clerk fees; secure remote access to nonconfidential court records by certain attorneys.,Unclassified,Unclassified,,
HB690,"Search warrant; search of place of abode, copy of affidavit to be part of warrant.",Unclassified,Unclassified,,
HR39,Commending the Honorable Johnny E. Morrison.,Unclassified,Unclassified,,
HR317,Celebrating the life of Ronyell Deshawn Whitaker.,Unclassified,Unclassified,,
HR285,Commending Caleb Lasley.,Unclassified,Unclassified,,
HR260,Commending the Ebenezer United Methodist Church.,Unclassified,Unclassified,,
HB1436,"Virginia Erosion and Stormwater Management Program authority; right of entry, performance bond.",Unclassified,Unclassified,,
HJ101,Celebrating the life of Virginia Estelle Phillips Bell.,Unclassified,Unclassified,,
HR471,Commending Norview Baptist Church.,Unclassified,Unclassified,,
HB595,"Graduation with an advanced studies diploma; requirements, complet. of Int'l Baccalaureate diploma.",Unclassified,Unclassified,,
HB880,Biosolids; monitoring requirements for per- and polyfluoroalkyl substances.,Unclassified,Unclassified,,
HR2003,"Celebrating the life of Chief Master Sergeant John Patrick Armstrong, USAF, Ret.",Unclassified,Unclassified,,
SR26,Commending the Honorable S. Bernard Goodwyn.,Unclassified,Unclassified,,
HR37,Commending the Walk for Peace.,Unclassified,Unclassified,,
HR222,"Commending Master Sergeant Corey Hayes, VA ANG.",Unclassified,Unclassified,,
HB1037,"Science SOL & Curriculum Framework; instructional material to include climate change, etc.",Unclassified,Unclassified,,
HR390,Judges; nominations for election to general district court.,Unclassified,Unclassified,,
HB176,State-facilitated IRA savings program; various changes to the program.,Unclassified,Unclassified,,
SJ296,Celebrating the life of Nicole Gugenheim Yancey.,Unclassified,Unclassified,,
HJ177,Celebrating the life of the Honorable Barry D. Knight.,Unclassified,Unclassified,,
HB894,"Private elementary and secondary schools; policies relating to bullying and cyberbullying, etc.",Unclassified,Unclassified,,
HB507,"Data centers; permit requirements, emission limits for certain engine-generator sets.",Unclassified,Unclassified,,
HB268,"Fines and costs; period of limitations on collection, deferred payment agreement.",Unclassified,Unclassified,,
HB1016,Cats and dogs; Virginia Cooperative Extension Service to create a list of toxic houseplants.,Unclassified,Unclassified,,
HR35,"Celebrating the life of Anthony L. Bennett, Sr.",Unclassified,Unclassified,,
HB999,"Virginia Human Rights Act; equal credit opportunities, Virginia Fair Housing Law, nondiscrimination.",Unclassified,Unclassified,,
SJ166,Commending Barney Reiley.,Unclassified,Unclassified,,
HR34,"Celebrating the life of Charles Ray Obaugh, Jr.",Unclassified,Unclassified,,
HJ260,Commending Daniel O'Connell's Irish Restaurant and Bar.,Unclassified,Unclassified,,
SR144,Commending the veterans of the United States Armed Forces from Augusta County.,Unclassified,Unclassified,,
HR429,Commending Friendship Retirement Community.,Unclassified,Unclassified,,
HR2004,Commending St. John Baptist Church of Woodford.,Unclassified,Unclassified,,
HR201,Commending Amy Reardon.,Unclassified,Unclassified,,
HB862,"Virginia Alcohol Safety Action Program (VASAP), Commission on; structure and responsibilities.",Unclassified,Unclassified,,
HB465,"Behavior Analysis, Advisory Board on; amends composition.",Unclassified,Unclassified,,
SJ165,Commending Howard E. Gwynn.,Unclassified,Unclassified,,
HB1268,"Veterans' Services Protection Act; created, prohibited practices, penalty.",Unclassified,Unclassified,,
SB712,Local tax authority; nicotine vapor products.,Unclassified,Unclassified,,
HB239,Loudoun County; DCR to accept property to establish a state park.,Unclassified,Unclassified,,
HB788,Vehicle crash reports; open to inspection by towing and recovery operators.,Unclassified,Unclassified,,
HB1137,Renewal of licenses; persons serving in the armed services on active duty outside the Commonwealth.,Unclassified,Unclassified,,
HR81,Commending the United States Army dustoff crews of the Vietnam War.,Unclassified,Unclassified,,
SJ25,Wiccocomico Pinn lineage of Northumberland County.,Unclassified,Unclassified,,
SB37,Sexual abuse during infancy or incapacity; accrual.,Unclassified,Unclassified,,
SJ175,Celebrating the life of K9 Ally.,Unclassified,Unclassified,,
HB1265,"Courthouses; certain civil arrests prohibited, definition, penalty.",Unclassified,Unclassified,,
SB165,"Contracts; retainage bonds permitted in construction contracts, effective clause.",Unclassified,Unclassified,,
HB150,Felonies; limitation on prosecution due to lapse of time after finding of probable cause.,Unclassified,Unclassified,,
HB1341,"Fairfax, City of; amending charter, financial powers.",Unclassified,Unclassified,,
HR307,Celebrating the life of James Richard Damar?.,Unclassified,Unclassified,,
SB331,"Veterinary Medicine, Board of; traineeships.",Unclassified,Unclassified,,
HB302,ATVs and off-road motorcycles; operation in the Southwest Regional Recreation Authority.,Unclassified,Unclassified,,
HR472,"Commending Master Chief Petty Officer Linda Fox, USN, Ret.",Unclassified,Unclassified,,
SB709,Cloud Computing Cluster Infrastructure Grant Fund; performance agreement.,Unclassified,Unclassified,,
HB522,"Virginia Private College Preservation and Maintenance Fund and Program; established, report.",Unclassified,Unclassified,,
HB85,Va.-specific postsecondary transition counselor certificate program; development and establishment.,Unclassified,Unclassified,,
SB760,Unemployment benefits; maximum duration.,Unclassified,Unclassified,,
SR50,"Commending Linda D. Meloy, M.D.",Unclassified,Unclassified,,
HR325,Celebrating the life of Barbara Drucker Smith.,Unclassified,Unclassified,,
SB80,"Virginia Fire Personnel and Equipment Grant Program; established, report.",Unclassified,Unclassified,,
SB271,Prescription Drug Affordability Board; established.,Unclassified,Unclassified,,
HR398,Commending Justin Simmons.,Unclassified,Unclassified,,
HR233,Commending the 23rd Regiment United States Colored Troops.,Unclassified,Unclassified,,
HB558,"Drug Control Act; adds certain chemicals to Schedule I, penalties.",Unclassified,Unclassified,,
HB1157,"Charitable gaming; denial, suspension, or revocation of permit.",Unclassified,Unclassified,,
HB1465,"Blue catfish; marketing & production, Marine Prod. Board to establish full-time equivalent position.",Unclassified,Unclassified,,
HB913,"Public Instruction, Superintendent of; reverse certain recent actions, etc.",Unclassified,Unclassified,,
HB1287,"Veterinarians; amending applications of licensure, etc.",Unclassified,Unclassified,,
HR138,"Commending the Third District of the Omega Psi Phi Fraternity, Inc.",Unclassified,Unclassified,,
HR38,Commending Elwood Lambert.,Unclassified,Unclassified,,
HB435,Palliative Care Info. & Ed. Prog. & Palliative Care & Quality of Life Advisory Council; established.,Unclassified,Unclassified,,
SR107,Celebrating the life of Ted D. Elliott.,Unclassified,Unclassified,,
HB1153,"Community Builders Pilot Program; name change, statewide demonstration model site, repeals sunset.",Unclassified,Unclassified,,
SB61,Nationally Certified School Psychologist Program; established.,Unclassified,Unclassified,,
HR234,"Celebrating the life of Emmett M. Burke, Jr.",Unclassified,Unclassified,,
SB474,"Atlantic Menhaden Research Fund; established, report.",Unclassified,Unclassified,,
SB666,"Residential land development and construction; fee transparency, local housing development.",Unclassified,Unclassified,,
HB175,"Real property; tax exemption, surviving spouses of members of Armed Forces who died in line of duty.",Unclassified,Unclassified,,
HB1425,"Geoengineering; prohibited, civil penalties.",Unclassified,Unclassified,,
HJ183,Commending Lewinsville Retirement Residence.,Unclassified,Unclassified,,
HB1249,"Creative Economy Task Force; established, strategic plan, report, sunset.",Unclassified,Unclassified,,
HR253,"Celebrating the life of Edward Marvin Page, Sr.",Unclassified,Unclassified,,
SJ118,Celebrating the life of Martin Gerald Farber.,Unclassified,Unclassified,,
SB646,Fiscal impact statements and estimates; citizen impacts included.,Unclassified,Unclassified,,
SJ111,Booker T. Washington Commemorative Commission; reconstituted as a joint commission.,Unclassified,Unclassified,,
HB307,Administration of estates; claims against decedent or estate.,Unclassified,Unclassified,,
HB510,"Uniform Power of Attorney Act; agent's duty of disclosure, execution of initial power of attorney.",Unclassified,Unclassified,,
HJ133,Commending the Honorable J. Harvie Wilkinson III.,Unclassified,Unclassified,,
SB748,"Human trafficking; issuance of vacatur for victims, definitions.",Unclassified,Unclassified,,
HJ179,Commending LOWLINC.,Unclassified,Unclassified,,
HR227,Commending the Chatham Volunteer Fire Department.,Unclassified,Unclassified,,
SR162,Commending the Chinmaya Movement.,Unclassified,Unclassified,,
SB613,Real estate salesperson; DPOR to conduct review of current process for obtaining licensure.,Unclassified,Unclassified,,
HR2009,Commending Land of Promise Church.,Unclassified,Unclassified,,
HR208,Commending Bermuda Hundred United Methodist Church.,Unclassified,Unclassified,,
HR131,Commending Kollectible Kings.,Unclassified,Unclassified,,
SJ253,Commending the American College of Obstetricians and Gynecologists.,Unclassified,Unclassified,,
