year,member,member_id,chamber,party,source,source_url
2025,Bonita G. Anthony,H0353,House,D,Virginia House of Delegates,https://house.vga.virginia.gov/members/H0353
2025,"Jonathan ""Jed"" Arnold",H0352,House,R,verified fallback reference,https://house.vga.virginia.gov/members/H0352
2025,Alex Q. Askew,H0311,House,D,Virginia House of Delegates,https://house.vga.virginia.gov/members/H0311
2025,Terry L. Austin,H0253,House,R,Virginia House of Delegates,https://house.vga.virginia.gov/members/H0253
2025,Jason S. Ballard,H0333,House,R,Virginia House of Delegates,https://house.vga.virginia.gov/members/H0333
2025,Amanda E. Batten,H0313,House,R,verified fallback reference,https://house.vga.virginia.gov/members/H0313
2025,Elizabeth B. Bennett-Parker,H0334,House,D,verified fallback reference,https://house.vga.virginia.gov/members/H0334
2025,"Robert S. Bloxom, Jr.",H0267,House,R,Virginia House of Delegates,https://house.vga.virginia.gov/members/H0267
2025,David L. Bulova,H0177,House,D,verified fallback reference,https://house.vga.virginia.gov/members/H0177
2025,Katrina Callsen,H0354,House,D,Virginia House of Delegates,https://house.vga.virginia.gov/members/H0354
2025,Betsy B. Carr,H0212,House,D,Virginia House of Delegates,https://house.vga.virginia.gov/members/H0212
2025,Mike A. Cherry,H0335,House,R,Virginia House of Delegates,https://house.vga.virginia.gov/members/H0335
2025,Nadarius E. Clark,H0336,House,D,Virginia House of Delegates,https://house.vga.virginia.gov/members/H0336
2025,Laura Jane Cohen,H0355,House,D,Virginia House of Delegates,https://house.vga.virginia.gov/members/H0355
2025,Joshua G. Cole,H0314,House,D,Virginia House of Delegates,https://house.vga.virginia.gov/members/H0314
2025,Kelly K. Convirs-Fowler,H0295,House,D,Virginia House of Delegates,https://house.vga.virginia.gov/members/H0295
2025,A.C. Cordoza,H0337,House,R,verified fallback reference,https://house.vga.virginia.gov/members/H0337
2025,Rae Cousins,H0356,House,D,Virginia House of Delegates,https://house.vga.virginia.gov/members/H0356
2025,Carrie E. Coyner,H0315,House,R,verified fallback reference,https://house.vga.virginia.gov/members/H0315
2025,Will Davis,H0357,House,R,Virginia House of Delegates,https://house.vga.virginia.gov/members/H0357
2025,Karrie K. Delaney,H0294,House,D,Virginia House of Delegates,https://house.vga.virginia.gov/members/H0294
2025,"Mark L. Earley, Jr.",H0358,House,R,verified fallback reference,https://house.vga.virginia.gov/members/H0358
2025,N. Baxter Ennis,H0359,House,R,verified fallback reference,https://house.vga.virginia.gov/members/H0359
2025,Michael B. Feggans,H0360,House,D,Virginia House of Delegates,https://house.vga.virginia.gov/members/H0360
2025,"Hyland F. ""Buddy"" Fowler, Jr.",H0259,House,R,Virginia House of Delegates,https://house.vga.virginia.gov/members/H0259
2025,Nicholas J. Freitas,H0279,House,R,verified fallback reference,https://house.vga.virginia.gov/members/H0279
2025,Debra D. Gardner,H0361,House,D,Virginia House of Delegates,https://house.vga.virginia.gov/members/H0361
2025,"Thomas A. Garrett, Jr.",H0362,House,R,Virginia House of Delegates,https://house.vga.virginia.gov/members/H0362
2025,C. Todd Gilbert,H0181,House,R,verified fallback reference,https://house.vga.virginia.gov/members/H0181
2025,Jackie H. Glass,H0349,House,D,Virginia House of Delegates,https://house.vga.virginia.gov/members/H0349
2025,W. Chad Green,H0363,House,R,verified fallback reference,https://house.vga.virginia.gov/members/H0363
2025,Timothy P. Griffin,H0364,House,R,Virginia House of Delegates,https://house.vga.virginia.gov/members/H0364
2025,"C.E. Cliff Hayes, Jr.",H0285,House,D,Virginia House of Delegates,https://house.vga.virginia.gov/members/H0285
2025,Dan I. Helmer,H0317,House,D,Virginia House of Delegates,https://house.vga.virginia.gov/members/H0317
2025,"Rozia A. Henson, Jr.",H0365,House,D,Virginia House of Delegates,https://house.vga.virginia.gov/members/H0365
2025,Phil M. Hernandez,H0366,House,D,Virginia House of Delegates,https://house.vga.virginia.gov/members/H0366
2025,Charniele L. Herring,H0208,House,D,Virginia House of Delegates,https://house.vga.virginia.gov/members/H0208
2025,Geary Higgins,H0367,House,R,verified fallback reference,https://house.vga.virginia.gov/members/H0367
2025,M. Keith Hodges,H0238,House,R,Virginia House of Delegates,https://house.vga.virginia.gov/members/H0238
2025,Patrick A. Hope,H0219,House,D,Virginia House of Delegates,https://house.vga.virginia.gov/members/H0219
2025,Michael J. Jones,H0368,House,D,verified fallback reference,https://house.vga.virginia.gov/members/H0368
2025,Hillary Pugh Kent,H0369,House,R,Virginia House of Delegates,https://house.vga.virginia.gov/members/H0369
2025,Karen Keys-Gamarra,H0370,House,D,Virginia House of Delegates,https://house.vga.virginia.gov/members/H0370
2025,Terry G. Kilgore,H0056,House,R,Virginia House of Delegates,https://house.vga.virginia.gov/members/H0056
2025,Barry D. Knight,H0206,House,R,verified fallback reference,https://house.vga.virginia.gov/members/H0206
2025,Paul E. Krizek,H0281,House,D,Virginia House of Delegates,https://house.vga.virginia.gov/members/H0281
2025,Amy J. Laufer,H0371,House,D,Virginia House of Delegates,https://house.vga.virginia.gov/members/H0371
2025,"James A. ""Jay"" Leftwich",H0262,House,R,Virginia House of Delegates,https://house.vga.virginia.gov/members/H0262
2025,Destiny LeVere Bolling,H0372,House,D,Virginia House of Delegates,https://house.vga.virginia.gov/members/H0372
2025,Alfonso H. Lopez,H0239,House,D,Virginia House of Delegates,https://house.vga.virginia.gov/members/H0239
2025,Ian T. Lovejoy,H0373,House,R,verified fallback reference,https://house.vga.virginia.gov/members/H0373
2025,Michelle Lopes Maldonado,H0340,House,D,verified fallback reference,https://house.vga.virginia.gov/members/H0340
2025,"Daniel W. Marshall, III",H0150,House,R,verified fallback reference,https://house.vga.virginia.gov/members/H0150
2025,Marty Martinez,H0374,House,D,Virginia House of Delegates,https://house.vga.virginia.gov/members/H0374
2025,Adele Y. McClure,H0375,House,D,Virginia House of Delegates,https://house.vga.virginia.gov/members/H0375
2025,Ellen H. Campbell,H0350,House,R,Virginia House of Delegates,https://house.vga.virginia.gov/members/H0350
2025,Joseph P. McNamara,H0308,House,R,Virginia House of Delegates,https://house.vga.virginia.gov/members/H0308
2025,Delores L. McQuinn,H0207,House,D,Virginia House of Delegates,https://house.vga.virginia.gov/members/H0207
2025,Paul V. Milde,H0376,House,R,verified fallback reference,https://house.vga.virginia.gov/members/H0376
2025,James W. Morefield,H0224,House,R,Virginia House of Delegates,https://house.vga.virginia.gov/members/H0224
2025,Candi Mundon King,H0330,House,D,verified fallback reference,https://house.vga.virginia.gov/members/H0330
2025,Delores Oates,H0377,House,R,Virginia House of Delegates,https://house.vga.virginia.gov/members/H0377
2025,Chris Obenshain,H0378,House,R,verified fallback reference,https://house.vga.virginia.gov/members/H0378
2025,Israel D. O'Quinn,H0242,House,R,Virginia House of Delegates,https://house.vga.virginia.gov/members/H0242
2025,"Robert D. Orrock, Sr.",H0073,House,R,verified fallback reference,https://house.vga.virginia.gov/members/H0073
2025,David Owen,H0379,House,R,verified fallback reference,https://house.vga.virginia.gov/members/H0379
2025,Eric Phillips,H0384,House,R,Virginia House of Delegates,https://house.vga.virginia.gov/members/H0384
2025,"Marcia S. ""Cia"" Price",H0284,House,D,Virginia House of Delegates,https://house.vga.virginia.gov/members/H0284
2025,Sam Rasoul,H0266,House,D,Virginia House of Delegates,https://house.vga.virginia.gov/members/H0266
2025,Atoosa R. Reaser,H0380,House,D,Virginia House of Delegates,https://house.vga.virginia.gov/members/H0380
2025,David A. Reid,H0301,House,D,Virginia House of Delegates,https://house.vga.virginia.gov/members/H0301
2025,Chris S. Runion,H0321,House,R,Virginia House of Delegates,https://house.vga.virginia.gov/members/H0321
2025,Don Scott,H0322,House,D,Virginia House of Delegates,https://house.vga.virginia.gov/members/H0322
2025,Phillip A. Scott,H0342,House,R,Virginia House of Delegates,https://house.vga.virginia.gov/members/H0342
2025,Holly M. Seibold,H0351,House,D,Virginia House of Delegates,https://house.vga.virginia.gov/members/H0351
2025,Briana D. Sewell,H0343,House,D,Virginia House of Delegates,https://house.vga.virginia.gov/members/H0343
2025,Irene Shin,H0344,House,D,Virginia House of Delegates,https://house.vga.virginia.gov/members/H0344
2025,Mark D. Sickles,H0172,House,D,verified fallback reference,https://house.vga.virginia.gov/members/H0172
2025,Marcus B. Simon,H0264,House,D,Virginia House of Delegates,https://house.vga.virginia.gov/members/H0264
2025,Shelly A. Simonds,H0323,House,D,Virginia House of Delegates,https://house.vga.virginia.gov/members/H0323
2025,JJ Singh,H0385,House,D,Virginia House of Delegates,https://house.vga.virginia.gov/members/H0385
2025,"Richard C. ""Rip"" Sullivan, Jr.",H0269,House,D,Virginia House of Delegates,https://house.vga.virginia.gov/members/H0269
2025,Anne Ferrell Tata,H0345,House,R,Virginia House of Delegates,https://house.vga.virginia.gov/members/H0345
2025,Kim A. Taylor,H0346,House,R,verified fallback reference,https://house.vga.virginia.gov/members/H0346
2025,Joshua E. Thomas,H0382,House,D,Virginia House of Delegates,https://house.vga.virginia.gov/members/H0382
2025,Luke E. Torian,H0227,House,D,Virginia House of Delegates,https://house.vga.virginia.gov/members/H0227
2025,Kathy K.L. Tran,H0305,House,D,Virginia House of Delegates,https://house.vga.virginia.gov/members/H0305
2025,"H. Otto Wachsmann, Jr.",H0347,House,R,Virginia House of Delegates,https://house.vga.virginia.gov/members/H0347
2025,Wendell S. Walker,H0325,House,R,Virginia House of Delegates,https://house.vga.virginia.gov/members/H0325
2025,Jeion A. Ward,H0173,House,D,Virginia House of Delegates,https://house.vga.virginia.gov/members/H0173
2025,R. Lee Ware,H0124,House,R,Virginia House of Delegates,https://house.vga.virginia.gov/members/H0124
2025,Vivian E. Watts,H0108,House,D,Virginia House of Delegates,https://house.vga.virginia.gov/members/H0108
2025,Michael J. Webert,H0247,House,R,Virginia House of Delegates,https://house.vga.virginia.gov/members/H0247
2025,Bill Wiley,H0329,House,R,Virginia House of Delegates,https://house.vga.virginia.gov/members/H0329
2025,Rodney T. Willett,H0327,House,D,Virginia House of Delegates,https://house.vga.virginia.gov/members/H0327
2025,Wren M. Williams,H0348,House,R,Virginia House of Delegates,https://house.vga.virginia.gov/members/H0348
2025,Tony O. Wilt,H0231,House,R,Virginia House of Delegates,https://house.vga.virginia.gov/members/H0231
2025,"Thomas C. Wright, Jr.",H0136,House,R,Virginia House of Delegates,https://house.vga.virginia.gov/members/H0136
2025,Scott A. Wyatt,H0328,House,R,Virginia House of Delegates,https://house.vga.virginia.gov/members/H0328
2025,Eric R. Zehr,H0383,House,R,Virginia House of Delegates,https://house.vga.virginia.gov/members/H0383
2025,Lashrecse D. Aird,S0115,Senate,D,Virginia Senate,https://apps.senate.virginia.gov/Senator/memberpage.php?id=S115
2025,Lamont Bagby,S0114,Senate,D,Virginia Senate,https://apps.senate.virginia.gov/Senator/memberpage.php?id=S114
2025,Jennifer B. Boysko,S0106,Senate,D,Virginia Senate,https://apps.senate.virginia.gov/Senator/memberpage.php?id=S106
2025,Jennifer D. Carroll Foy,S0117,Senate,D,Virginia Senate,https://apps.senate.virginia.gov/Senator/memberpage.php?id=S117
2025,"Luther Cifers, III",S0132,Senate,R,Virginia Senate,https://apps.senate.virginia.gov/Senator/memberpage.php?id=S132
2025,Christie New Craig,S0118,Senate,R,Virginia Senate,https://apps.senate.virginia.gov/Senator/memberpage.php?id=S118
2025,R. Creigh Deeds,S0062,Senate,D,Virginia Senate,https://apps.senate.virginia.gov/Senator/memberpage.php?id=S62
2025,Bill DeSteph,S0096,Senate,R,Virginia Senate,https://apps.senate.virginia.gov/Senator/memberpage.php?id=S96
2025,"J.D. ""Danny"" Diggs",S0119,Senate,R,Virginia Senate,https://apps.senate.virginia.gov/Senator/memberpage.php?id=S119
2025,Tara A. Durant,S0120,Senate,R,Virginia Senate,https://apps.senate.virginia.gov/Senator/memberpage.php?id=S120
2025,Adam P. Ebbin,S0085,Senate,D,verified fallback reference,https://apps.senate.virginia.gov/Senator/memberpage.php?id=S85
2025,Barbara A. Favola,S0086,Senate,D,Virginia Senate,https://apps.senate.virginia.gov/Senator/memberpage.php?id=S86
2025,Timmy French,S0121,Senate,R,Virginia Senate,https://apps.senate.virginia.gov/Senator/memberpage.php?id=S121
2025,T. Travis Hackworth,S0112,Senate,R,Virginia Senate,https://apps.senate.virginia.gov/Senator/memberpage.php?id=S112
2025,Ghazala F. Hashmi,S0108,Senate,D,verified fallback reference,https://apps.senate.virginia.gov/Senator/memberpage.php?id=S108
2025,Christopher T. Head,S0122,Senate,R,Virginia Senate,https://apps.senate.virginia.gov/Senator/memberpage.php?id=S122
2025,Emily M. Jordan,S0116,Senate,R,Virginia Senate,https://apps.senate.virginia.gov/Senator/memberpage.php?id=S116
2025,Mamie E. Locke,S0067,Senate,D,Virginia Senate,https://apps.senate.virginia.gov/Senator/memberpage.php?id=S67
2025,L. Louise Lucas,S0019,Senate,D,Virginia Senate,https://apps.senate.virginia.gov/Senator/memberpage.php?id=S19
2025,David W. Marsden,S0080,Senate,D,Virginia Senate,https://apps.senate.virginia.gov/Senator/memberpage.php?id=S80
2025,Ryan T. McDougle,S0069,Senate,R,Virginia Senate,https://apps.senate.virginia.gov/Senator/memberpage.php?id=S69
2025,Jeremy S. McPike,S0098,Senate,D,Virginia Senate,https://apps.senate.virginia.gov/Senator/memberpage.php?id=S98
2025,Tammy Brankley Mulchi,S0131,Senate,R,Virginia Senate,https://apps.senate.virginia.gov/Senator/memberpage.php?id=S131
2025,Mark D. Obenshain,S0068,Senate,R,Virginia Senate,https://apps.senate.virginia.gov/Senator/memberpage.php?id=S68
2025,Mark J. Peake,S0105,Senate,R,Virginia Senate,https://apps.senate.virginia.gov/Senator/memberpage.php?id=S105
2025,Stella G. Pekarsky,S0124,Senate,D,Virginia Senate,https://apps.senate.virginia.gov/Senator/memberpage.php?id=S124
2025,Russet Perry,S0125,Senate,D,Virginia Senate,https://apps.senate.virginia.gov/Senator/memberpage.php?id=S125
2025,Todd E. Pillion,S0111,Senate,R,Virginia Senate,https://apps.senate.virginia.gov/Senator/memberpage.php?id=S111
2025,Bryce E. Reeves,S0088,Senate,R,Virginia Senate,https://apps.senate.virginia.gov/Senator/memberpage.php?id=S88
2025,Danica A. Roem,S0126,Senate,D,Virginia Senate,https://apps.senate.virginia.gov/Senator/memberpage.php?id=S126
2025,Aaron R. Rouse,S0113,Senate,D,Virginia Senate,https://apps.senate.virginia.gov/Senator/memberpage.php?id=S113
2025,Saddam Azlan Salim,S0127,Senate,D,Virginia Senate,https://apps.senate.virginia.gov/Senator/memberpage.php?id=S127
2025,Kannan Srinivasan,S0133,Senate,D,Virginia Senate,https://apps.senate.virginia.gov/Senator/memberpage.php?id=S133
2025,"William M. Stanley, Jr.",S0082,Senate,R,Virginia Senate,https://apps.senate.virginia.gov/Senator/memberpage.php?id=S82
2025,Richard H. Stuart,S0078,Senate,R,Virginia Senate,https://apps.senate.virginia.gov/Senator/memberpage.php?id=S78
2025,"Glen H. Sturtevant, Jr.",S0099,Senate,R,Virginia Senate,https://apps.senate.virginia.gov/Senator/memberpage.php?id=S99
2025,David R. Suetterlein,S0101,Senate,R,Virginia Senate,https://apps.senate.virginia.gov/Senator/memberpage.php?id=S101
2025,Scott A. Surovell,S0100,Senate,D,Virginia Senate,https://apps.senate.virginia.gov/Senator/memberpage.php?id=S100
2025,Schuyler T. VanValkenburg,S0129,Senate,D,Virginia Senate,https://apps.senate.virginia.gov/Senator/memberpage.php?id=S129
2025,Angelia Williams Graves,S0130,Senate,D,Virginia Senate,https://apps.senate.virginia.gov/Senator/memberpage.php?id=S130
2026,Jessica L. Anderson,H0386,House,D,Virginia House of Delegates,https://house.vga.virginia.gov/members/H0386
2026,Bonita G. Anthony,H0353,House,D,Virginia House of Delegates,https://house.vga.virginia.gov/members/H0353
2026,Alex Q. Askew,H0311,House,D,Virginia House of Delegates,https://house.vga.virginia.gov/members/H0311
2026,Terry L. Austin,H0253,House,R,Virginia House of Delegates,https://house.vga.virginia.gov/members/H0253
2026,Jason S. Ballard,H0333,House,R,Virginia House of Delegates,https://house.vga.virginia.gov/members/H0333
2026,Elizabeth B. Bennett-Parker,H0334,House,D,verified fallback reference,https://house.vga.virginia.gov/members/H0334
2026,"Robert S. Bloxom, Jr.",H0267,House,R,Virginia House of Delegates,https://house.vga.virginia.gov/members/H0267
2026,David L. Bulova,H0177,House,D,verified fallback reference,https://house.vga.virginia.gov/members/H0177
2026,Gretchen M. Bulova,H0403,House,D,Virginia House of Delegates,https://house.vga.virginia.gov/members/H0403
2026,Katrina Callsen,H0354,House,D,Virginia House of Delegates,https://house.vga.virginia.gov/members/H0354
2026,"Karen R. ""Kacey"" Carnegie",H0387,House,D,Virginia House of Delegates,https://house.vga.virginia.gov/members/H0387
2026,Betsy B. Carr,H0212,House,D,Virginia House of Delegates,https://house.vga.virginia.gov/members/H0212
2026,Stacey Annie Carroll,H0388,House,D,Virginia House of Delegates,https://house.vga.virginia.gov/members/H0388
2026,Mike A. Cherry,H0335,House,R,Virginia House of Delegates,https://house.vga.virginia.gov/members/H0335
2026,Nadarius E. Clark,H0336,House,D,Virginia House of Delegates,https://house.vga.virginia.gov/members/H0336
2026,Laura Jane Cohen,H0355,House,D,Virginia House of Delegates,https://house.vga.virginia.gov/members/H0355
2026,Joshua G. Cole,H0314,House,D,Virginia House of Delegates,https://house.vga.virginia.gov/members/H0314
2026,Nicole Cole,H0389,House,D,Virginia House of Delegates,https://house.vga.virginia.gov/members/H0389
2026,Kelly K. Convirs-Fowler,H0295,House,D,Virginia House of Delegates,https://house.vga.virginia.gov/members/H0295
2026,Mitchell Cornett,H0390,House,R,Virginia House of Delegates,https://house.vga.virginia.gov/members/H0390
2026,Rae Cousins,H0356,House,D,Virginia House of Delegates,https://house.vga.virginia.gov/members/H0356
2026,Will Davis,H0357,House,R,Virginia House of Delegates,https://house.vga.virginia.gov/members/H0357
2026,Karrie K. Delaney,H0294,House,D,Virginia House of Delegates,https://house.vga.virginia.gov/members/H0294
2026,Lindsey Dougherty,H0391,House,D,Virginia House of Delegates,https://house.vga.virginia.gov/members/H0391
2026,Mark C. Downey,H0392,House,D,Virginia House of Delegates,https://house.vga.virginia.gov/members/H0392
2026,Michael B. Feggans,H0360,House,D,Virginia House of Delegates,https://house.vga.virginia.gov/members/H0360
2026,"Hyland F. ""Buddy"" Fowler, Jr.",H0259,House,R,Virginia House of Delegates,https://house.vga.virginia.gov/members/H0259
2026,Lily V. Franklin,H0393,House,D,Virginia House of Delegates,https://house.vga.virginia.gov/members/H0393
2026,Margaret A. Franklin,H0404,House,D,Virginia House of Delegates,https://house.vga.virginia.gov/members/H0404
2026,Debra D. Gardner,H0361,House,D,Virginia House of Delegates,https://house.vga.virginia.gov/members/H0361
2026,"Thomas A. Garrett, Jr.",H0362,House,R,Virginia House of Delegates,https://house.vga.virginia.gov/members/H0362
2026,Jackie H. Glass,H0349,House,D,Virginia House of Delegates,https://house.vga.virginia.gov/members/H0349
2026,Timothy P. Griffin,H0364,House,R,Virginia House of Delegates,https://house.vga.virginia.gov/members/H0364
2026,Elizabeth R. Guzman,H0297,House,D,Virginia House of Delegates,https://house.vga.virginia.gov/members/H0297
2026,Karen Hamilton,H0394,House,R,Virginia House of Delegates,https://house.vga.virginia.gov/members/H0394
2026,"C.E. Cliff Hayes, Jr.",H0285,House,D,Virginia House of Delegates,https://house.vga.virginia.gov/members/H0285
2026,Dan I. Helmer,H0317,House,D,Virginia House of Delegates,https://house.vga.virginia.gov/members/H0317
2026,"Rozia A. Henson, Jr.",H0365,House,D,Virginia House of Delegates,https://house.vga.virginia.gov/members/H0365
2026,Phil M. Hernandez,H0366,House,D,Virginia House of Delegates,https://house.vga.virginia.gov/members/H0366
2026,Charniele L. Herring,H0208,House,D,Virginia House of Delegates,https://house.vga.virginia.gov/members/H0208
2026,M. Keith Hodges,H0238,House,R,Virginia House of Delegates,https://house.vga.virginia.gov/members/H0238
2026,Patrick A. Hope,H0219,House,D,Virginia House of Delegates,https://house.vga.virginia.gov/members/H0219
2026,Michael J. Jones,H0368,House,D,verified fallback reference,https://house.vga.virginia.gov/members/H0368
2026,Hillary Pugh Kent,H0369,House,R,Virginia House of Delegates,https://house.vga.virginia.gov/members/H0369
2026,Karen Keys-Gamarra,H0370,House,D,Virginia House of Delegates,https://house.vga.virginia.gov/members/H0370
2026,Terry G. Kilgore,H0056,House,R,Virginia House of Delegates,https://house.vga.virginia.gov/members/H0056
2026,Barry D. Knight,H0206,House,R,verified fallback reference,https://house.vga.virginia.gov/members/H0206
2026,Paul E. Krizek,H0281,House,D,Virginia House of Delegates,https://house.vga.virginia.gov/members/H0281
2026,Amy J. Laufer,H0371,House,D,Virginia House of Delegates,https://house.vga.virginia.gov/members/H0371
2026,"James A. ""Jay"" Leftwich",H0262,House,R,Virginia House of Delegates,https://house.vga.virginia.gov/members/H0262
2026,Destiny LeVere Bolling,H0372,House,D,Virginia House of Delegates,https://house.vga.virginia.gov/members/H0372
2026,Alfonso H. Lopez,H0239,House,D,Virginia House of Delegates,https://house.vga.virginia.gov/members/H0239
2026,Michelle Lopes Maldonado,H0340,House,D,verified fallback reference,https://house.vga.virginia.gov/members/H0340
2026,Marty Martinez,H0374,House,D,Virginia House of Delegates,https://house.vga.virginia.gov/members/H0374
2026,John Chilton McAuliff,H0395,House,D,Virginia House of Delegates,https://house.vga.virginia.gov/members/H0395
2026,Adele Y. McClure,H0375,House,D,Virginia House of Delegates,https://house.vga.virginia.gov/members/H0375
2026,Garrett McGuire,H0405,House,D,Virginia House of Delegates,https://house.vga.virginia.gov/members/H0405
2026,Ellen H. McLaughlin,H0350,House,R,Virginia House of Delegates,https://house.vga.virginia.gov/members/H0350
2026,Joseph P. McNamara,H0308,House,R,Virginia House of Delegates,https://house.vga.virginia.gov/members/H0308
2026,Kirk McPike,H0406,House,D,Virginia House of Delegates,https://house.vga.virginia.gov/members/H0406
2026,Delores L. McQuinn,H0207,House,D,Virginia House of Delegates,https://house.vga.virginia.gov/members/H0207
2026,Leslie Chambers Mehta,H0396,House,D,Virginia House of Delegates,https://house.vga.virginia.gov/members/H0396
2026,James W. Morefield,H0224,House,R,Virginia House of Delegates,https://house.vga.virginia.gov/members/H0224
2026,Candi Mundon King,H0330,House,D,verified fallback reference,https://house.vga.virginia.gov/members/H0330
2026,May Nivar,H0397,House,D,Virginia House of Delegates,https://house.vga.virginia.gov/members/H0397
2026,Delores Oates,H0377,House,R,Virginia House of Delegates,https://house.vga.virginia.gov/members/H0377
2026,Israel D. O'Quinn,H0242,House,R,Virginia House of Delegates,https://house.vga.virginia.gov/members/H0242
2026,Justin Pence,H0398,House,R,Virginia House of Delegates,https://house.vga.virginia.gov/members/H0398
2026,Eric Phillips,H0384,House,R,Virginia House of Delegates,https://house.vga.virginia.gov/members/H0384
2026,Kimberly Pope Adams,H0399,House,D,Virginia House of Delegates,https://house.vga.virginia.gov/members/H0399
2026,"Marcia S. ""Cia"" Price",H0284,House,D,Virginia House of Delegates,https://house.vga.virginia.gov/members/H0284
2026,Sam Rasoul,H0266,House,D,Virginia House of Delegates,https://house.vga.virginia.gov/members/H0266
2026,Atoosa R. Reaser,H0380,House,D,Virginia House of Delegates,https://house.vga.virginia.gov/members/H0380
2026,David A. Reid,H0301,House,D,Virginia House of Delegates,https://house.vga.virginia.gov/members/H0301
2026,Andrew Rice,H0407,House,R,Virginia House of Delegates,https://house.vga.virginia.gov/members/H0407
2026,Chris S. Runion,H0321,House,R,Virginia House of Delegates,https://house.vga.virginia.gov/members/H0321
2026,Charlie Schmidt,H0402,House,D,Virginia House of Delegates,https://house.vga.virginia.gov/members/H0402
2026,Don Scott,H0322,House,D,Virginia House of Delegates,https://house.vga.virginia.gov/members/H0322
2026,Phillip A. Scott,H0342,House,R,Virginia House of Delegates,https://house.vga.virginia.gov/members/H0342
2026,Holly M. Seibold,H0351,House,D,Virginia House of Delegates,https://house.vga.virginia.gov/members/H0351
2026,Briana D. Sewell,H0343,House,D,Virginia House of Delegates,https://house.vga.virginia.gov/members/H0343
2026,Irene Shin,H0344,House,D,Virginia House of Delegates,https://house.vga.virginia.gov/members/H0344
2026,Mark D. Sickles,H0172,House,D,verified fallback reference,https://house.vga.virginia.gov/members/H0172
2026,Marcus B. Simon,H0264,House,D,Virginia House of Delegates,https://house.vga.virginia.gov/members/H0264
2026,Shelly A. Simonds,H0323,House,D,Virginia House of Delegates,https://house.vga.virginia.gov/members/H0323
2026,JJ Singh,H0385,House,D,Virginia House of Delegates,https://house.vga.virginia.gov/members/H0385
2026,"Richard C. ""Rip"" Sullivan, Jr.",H0269,House,D,Virginia House of Delegates,https://house.vga.virginia.gov/members/H0269
2026,Anne Ferrell Tata,H0345,House,R,Virginia House of Delegates,https://house.vga.virginia.gov/members/H0345
2026,Joshua E. Thomas,H0382,House,D,Virginia House of Delegates,https://house.vga.virginia.gov/members/H0382
2026,Virgil Thornton,H0400,House,D,Virginia House of Delegates,https://house.vga.virginia.gov/members/H0400
2026,Luke E. Torian,H0227,House,D,Virginia House of Delegates,https://house.vga.virginia.gov/members/H0227
2026,Kathy K.L. Tran,H0305,House,D,Virginia House of Delegates,https://house.vga.virginia.gov/members/H0305
2026,"H. Otto Wachsmann, Jr.",H0347,House,R,Virginia House of Delegates,https://house.vga.virginia.gov/members/H0347
2026,Wendell S. Walker,H0325,House,R,Virginia House of Delegates,https://house.vga.virginia.gov/members/H0325
2026,Jeion A. Ward,H0173,House,D,Virginia House of Delegates,https://house.vga.virginia.gov/members/H0173
2026,R. Lee Ware,H0124,House,R,Virginia House of Delegates,https://house.vga.virginia.gov/members/H0124
2026,Vivian E. Watts,H0108,House,D,Virginia House of Delegates,https://house.vga.virginia.gov/members/H0108
2026,Michael J. Webert,H0247,House,R,Virginia House of Delegates,https://house.vga.virginia.gov/members/H0247
2026,Madison Whittle,H0401,House,R,Virginia House of Delegates,https://house.vga.virginia.gov/members/H0401
2026,Bill Wiley,H0329,House,R,Virginia House of Delegates,https://house.vga.virginia.gov/members/H0329
2026,Rodney T. Willett,H0327,House,D,Virginia House of Delegates,https://house.vga.virginia.gov/members/H0327
2026,Wren M. Williams,H0348,House,R,Virginia House of Delegates,https://house.vga.virginia.gov/members/H0348
2026,Tony O. Wilt,H0231,House,R,Virginia House of Delegates,https://house.vga.virginia.gov/members/H0231
2026,"Thomas C. Wright, Jr.",H0136,House,R,Virginia House of Delegates,https://house.vga.virginia.gov/members/H0136
2026,Scott A. Wyatt,H0328,House,R,Virginia House of Delegates,https://house.vga.virginia.gov/members/H0328
2026,Eric R. Zehr,H0383,House,R,Virginia House of Delegates,https://house.vga.virginia.gov/members/H0383
2026,Lashrecse D. Aird,S0115,Senate,D,Virginia Senate,https://apps.senate.virginia.gov/Senator/memberpage.php?id=S115
2026,Lamont Bagby,S0114,Senate,D,Virginia Senate,https://apps.senate.virginia.gov/Senator/memberpage.php?id=S114
2026,Elizabeth B. Bennett-Parker,S0135,Senate,D,Virginia Senate,https://apps.senate.virginia.gov/Senator/memberpage.php?id=S135
2026,Jennifer B. Boysko,S0106,Senate,D,Virginia Senate,https://apps.senate.virginia.gov/Senator/memberpage.php?id=S106
2026,Jennifer D. Carroll Foy,S0117,Senate,D,Virginia Senate,https://apps.senate.virginia.gov/Senator/memberpage.php?id=S117
2026,"Luther Cifers, III",S0132,Senate,R,Virginia Senate,https://apps.senate.virginia.gov/Senator/memberpage.php?id=S132
2026,Christie New Craig,S0118,Senate,R,Virginia Senate,https://apps.senate.virginia.gov/Senator/memberpage.php?id=S118
2026,R. Creigh Deeds,S0062,Senate,D,Virginia Senate,https://apps.senate.virginia.gov/Senator/memberpage.php?id=S62
2026,Bill DeSteph,S0096,Senate,R,Virginia Senate,https://apps.senate.virginia.gov/Senator/memberpage.php?id=S96
2026,"J.D. ""Danny"" Diggs",S0119,Senate,R,Virginia Senate,https://apps.senate.virginia.gov/Senator/memberpage.php?id=S119
2026,Tara A. Durant,S0120,Senate,R,Virginia Senate,https://apps.senate.virginia.gov/Senator/memberpage.php?id=S120
2026,Adam P. Ebbin,S0085,Senate,D,verified fallback reference,https://apps.senate.virginia.gov/Senator/memberpage.php?id=S85
2026,Barbara A. Favola,S0086,Senate,D,Virginia Senate,https://apps.senate.virginia.gov/Senator/memberpage.php?id=S86
2026,Timmy French,S0121,Senate,R,Virginia Senate,https://apps.senate.virginia.gov/Senator/memberpage.php?id=S121
2026,T. Travis Hackworth,S0112,Senate,R,Virginia Senate,https://apps.senate.virginia.gov/Senator/memberpage.php?id=S112
2026,Ghazala F. Hashmi,S0108,Senate,D,verified fallback reference,https://apps.senate.virginia.gov/Senator/memberpage.php?id=S108
2026,Christopher T. Head,S0122,Senate,R,Virginia Senate,https://apps.senate.virginia.gov/Senator/memberpage.php?id=S122
2026,Michael J. Jones,S0134,Senate,D,Virginia Senate,https://apps.senate.virginia.gov/Senator/memberpage.php?id=S134
2026,Emily M. Jordan,S0116,Senate,R,Virginia Senate,https://apps.senate.virginia.gov/Senator/memberpage.php?id=S116
2026,Mamie E. Locke,S0067,Senate,D,Virginia Senate,https://apps.senate.virginia.gov/Senator/memberpage.php?id=S67
2026,L. Louise Lucas,S0019,Senate,D,Virginia Senate,https://apps.senate.virginia.gov/Senator/memberpage.php?id=S19
2026,David W. Marsden,S0080,Senate,D,Virginia Senate,https://apps.senate.virginia.gov/Senator/memberpage.php?id=S80
2026,Ryan T. McDougle,S0069,Senate,R,Virginia Senate,https://apps.senate.virginia.gov/Senator/memberpage.php?id=S69
2026,Jeremy S. McPike,S0098,Senate,D,Virginia Senate,https://apps.senate.virginia.gov/Senator/memberpage.php?id=S98
2026,Tammy Brankley Mulchi,S0131,Senate,R,Virginia Senate,https://apps.senate.virginia.gov/Senator/memberpage.php?id=S131
2026,Mark D. Obenshain,S0068,Senate,R,Virginia Senate,https://apps.senate.virginia.gov/Senator/memberpage.php?id=S68
2026,Mark J. Peake,S0105,Senate,R,Virginia Senate,https://apps.senate.virginia.gov/Senator/memberpage.php?id=S105
2026,Stella G. Pekarsky,S0124,Senate,D,Virginia Senate,https://apps.senate.virginia.gov/Senator/memberpage.php?id=S124
2026,Russet Perry,S0125,Senate,D,Virginia Senate,https://apps.senate.virginia.gov/Senator/memberpage.php?id=S125
2026,Todd E. Pillion,S0111,Senate,R,Virginia Senate,https://apps.senate.virginia.gov/Senator/memberpage.php?id=S111
2026,Bryce E. Reeves,S0088,Senate,R,Virginia Senate,https://apps.senate.virginia.gov/Senator/memberpage.php?id=S88
2026,Danica A. Roem,S0126,Senate,D,Virginia Senate,https://apps.senate.virginia.gov/Senator/memberpage.php?id=S126
2026,Aaron R. Rouse,S0113,Senate,D,Virginia Senate,https://apps.senate.virginia.gov/Senator/memberpage.php?id=S113
2026,Saddam Azlan Salim,S0127,Senate,D,Virginia Senate,https://apps.senate.virginia.gov/Senator/memberpage.php?id=S127
2026,Kannan Srinivasan,S0133,Senate,D,Virginia Senate,https://apps.senate.virginia.gov/Senator/memberpage.php?id=S133
2026,"William M. Stanley, Jr.",S0082,Senate,R,Virginia Senate,https://apps.senate.virginia.gov/Senator/memberpage.php?id=S82
2026,Richard H. Stuart,S0078,Senate,R,Virginia Senate,https://apps.senate.virginia.gov/Senator/memberpage.php?id=S78
2026,"Glen H. Sturtevant, Jr.",S0099,Senate,R,Virginia Senate,https://apps.senate.virginia.gov/Senator/memberpage.php?id=S99
2026,David R. Suetterlein,S0101,Senate,R,Virginia Senate,https://apps.senate.virginia.gov/Senator/memberpage.php?id=S101
2026,Scott A. Surovell,S0100,Senate,D,Virginia Senate,https://apps.senate.virginia.gov/Senator/memberpage.php?id=S100
2026,Schuyler T. VanValkenburg,S0129,Senate,D,Virginia Senate,https://apps.senate.virginia.gov/Senator/memberpage.php?id=S129
2026,Angelia Williams Graves,S0130,Senate,D,Virginia Senate,https://apps.senate.virginia.gov/Senator/memberpage.php?id=S130
